equation,term,estimate,std_error
Cpr,c1,-0.014947977651676048,0.011021641270750473
Cpr,c2,-0.03854434484387465,0.013039322233058802
Cpr,c3,0.9132242416542857,0.05917893181089576
Cpr,c6,0.08579370084429855,0.02576010860405866
Cpr,c8,0.01829427883155613,0.031006028158879196
Cpr,c9,0.032512601092609644,0.03135365602686274
Cpr,c10,0.07445072811303609,0.030042972735011095
Cpr,c11,-0.27510969936774016,0.039687528747882665
Cpr,c12,1.1534289913005746,0.04092744539977096
Idw,c1,-0.1840970654502041,0.07880005673977312
Idw,c2,-0.08139961228184535,0.034250278499800745
Idw,c4,-0.7219892545880088,0.5536696408351672
Idw,c5,-1.432297536871985,3.564408932831323
Idw,c7,0.10050325646159201,0.13612100431499596
Idw,c8,0.20138122865154162,0.13499972563353818
Idw,c9,0.1719173824607721,0.1362813580850153
Idw,c10,0.02367812768867944,0.13665289926574148
Idw,c11,-0.06955278651093925,0.026670295140393752
Idw,c13,0.044185470677953476,0.026358038793855572
Idw,c14,0.057029103781539525,0.026292936808280442
Imin,c1,-0.040500507368795055,0.059082356906810005
Imin,c2,-0.01696135311551493,0.01852076056166849
Imin,c3,2.271374544215244,2.506182141198772
Imin,c4,0.23574674631273296,0.09362879703974658
Imin,c5,-0.05985110760933532,0.10138252150092122
Imin,c6,0.2210632974056061,0.09401488561838547
Imin,c7,-0.21883210051259103,0.057873191369085565
IvtNF,c1,-0.07594928196123017,0.028068870894709785
IvtNF,c2,-0.05801126474300231,0.02234101892956574
IvtNF,c3,-0.019188081620942914,0.011445468219364879
IvtNF,c4,1.8325884647461685e-4,1.0033114760434166e-4
IvtNF,c5,-4.586380894717133e-7,2.7177408696655904e-7
IvtNF,c6,0.22671972584310401,0.08294915474943698
IvtNF,c7,0.21540304388494358,0.07928663805169524
IvtNF,c8,0.17477751734347205,0.10584271897350671
Tcit,c1,-0.4505449236434792,0.1514856729665824
Tcit,c2,-0.11672136541365195,0.0315159388889752
Tcit,c5,0.4328962880599498,0.17511322579425212
Tcit,c6,1.2232963246006676,0.18882940950112642
Tcit,c7,0.22410299042502996,0.060304537691919645
Tprl,c1,-0.7832015880256011,0.14053112854391747
Tprl,c2,-0.22879171318264357,0.04014252582119852
Tprl,c4,-1.297362418147188,0.36186136699229693
Tprl,c5,-0.176958209467803,0.0944000225670583
Toth,c1,-0.013836135389967693,0.028168197726905382
Toth,c2,-0.005750882719481525,0.011177151065953485
Toth,c3,-0.12184488480540612,0.30594171255362645
Toth,c4,0.9171658855757565,0.1549731871308653
Ttsf,c1,-0.744463096310633,0.1313919321307044
Ttsf,c2,-0.29915303675460103,0.05048600788649676
Ttsf,c3,0.932201062838431,0.04285675008859257
Ttsf,c4,-1.309860596173576,0.9069782167143435
Ttsf,c5,1.5577488614797061,0.882036703976758
Ttsf,c6,0.04420885390079223,0.011714919018395468
Ttsf,c7,0.7138707620804421,0.14058233920945043
Xmin,c1,-0.1327992164379321,0.05163374842258573
Xmin,c2,-0.049145883297769435,0.0188810541422253
Xmin,c3,-0.2618633925717312,0.0749359431113121
Xmin,c4,2.5093129894662214,1.0312020129886164
Xmin,c5,-2.3499678399730994,1.3678547964998886
Xmin,c6,1.3637853245912324,1.0393237668124913
Xmin,c7,1.069155091800042,0.8291806952077215
Xmin,c8,-1.9120924048512045,1.1005060596133116
Xmin,c9,0.7138595382186931,0.8021610607875616
Xmin,c10,0.03641081045021932,0.033344977296013
Xmin,c11,-0.002213905163534025,0.03549096251598236
Xmin,c12,-0.005406468909738033,0.03313767347962221
Lavh,rho,0.6943120046999621,0.05933213223347041
Lavh,c1,453.25278502511736,0.8613895222865208
Lavh,c2,-16.728512905052213,3.644220398749088
Lavh,c3,-0.9881186466110229,0.0725690604571302
Lavh,c4,-0.3737598123176479,0.017118587618378426
LempNM,c1,-2.110494160208136,0.23314253463756524
LempNM,c2,0.46713594364355565,0.06600789602268342
LempNM,c3,0.001984392474954305,2.1588768673119207e-4
LempNM,c4,0.4948734802850024,0.041168518752883285
Lpar,c1,4.600524784062344e-4,1.4377621886647052e-4
Lpar,c2,-0.36565298379174604,0.05735052289755609
Lpar,c3,-0.12830890937387662,0.027426266884242434
Lpar,c4,0.10320747531206541,0.05570178286136735
Lpar,c5,-0.036730009879176864,0.062073982192568766
Lpar,c6,-8.486456546170199e-5,4.113867586421204e-5
Lpar,c7,-0.024957483912285177,0.002141667921263574
Lpar,c8,0.009534547118393695,0.0025228834406367875
Lpar,c9,0.009440704858483176,0.0019334527082031626
Lwge,c1,0.0021304699586247797,7.036735480749272e-4
Lwge,c2,0.2128317269902874,0.1914549522437196
Lwge,c3,-0.00940688806172056,0.007487079954493773
Lwge,c4,0.7234933059962501,0.24503384854680252
Lwge,c5,-0.9775400245929946,0.26495532695525237
Pcpi,c1,0.020773874964278287,0.005137730999832826
Pcpi,c2,-0.1278647262374523,0.03115081633282251
Pcpi,c3,8.078674494410256e-4,5.581130620353778e-5
Pcpi,c4,1.0732456518241937,0.04789907074608655
Pcpi,c6,-0.026063839896425623,0.0041269048609390065
Pcpi,c7,0.026121990111321734,0.004080781447567475
Pcpi,c8,-0.017278967755155687,0.00405018452651213
Piret,c1,-1.5611583882916897,0.02972536565959377
Piret,c3,0.008396120337882913,2.1952839203123335e-4
Pxagr,c1,-0.012812862361108613,0.0060466763592021576
Pxagr,c2,-0.05991413057854423,0.018959142382893597
Pxagr,c3,0.30930098845952625,0.038597154070524116
Pxagr,c4,0.19181236257593962,0.039406489262588565
Pxagr,c5,-0.1738883989310651,0.029955624891110047
Pxagr,c6,-0.08178154591187001,0.01742848851562002
Pmgs,c1,-0.05445327836809171,0.023612380532009775
Pmgs,c2,-0.03775221655603444,0.026320445918898695
Pmgs,c3,0.7126461749151816,0.17355803231762867
Pmgs,c4,-0.004329070510967311,0.0013545680089370234
Pmgs,c5,0.5535598603521124,0.03753604836397983
Pmgs,c6,0.029660203462422104,0.00981951548811311
Rmort,c1,-0.09567817123375574,0.024635669209270662
Rmort,c2,0.01830604831751681,0.001658197535060937
Rmort,c3,5.472499656764089e-4,6.950307362345632e-5
Rmort,c4,0.641622924981628,0.03254972436147621
Rmort,c5,0.22226057238339883,0.0334947329933722
Peqi,c1,0.03837306926535871,0.01584331697430168
Peqi,c2,0.9557366434721429,0.7897213978596044
Peqi,c3,-5.035035267050142,1.847233562672918
Peqi,c4,3.4535676906854587,2.2757822632892
Peqi,c5,0.27815336451659023,0.0878130324796099
Peqi,c6,-0.16362294057351773,0.0858476806899393
Rtwi,c1,-0.5500972754001243,0.18813131922242332
Rtwi,c2,-0.1621345489249264,0.05170229104124283
Rtwi,c3,-0.582304727568747,0.11293078336990564
Rtwi,c4,-5.114201406165181,2.832200806437752
Rtwi,c5,0.05552906170434034,0.15687574865060355
Rtwi,c6,0.15507916994781337,0.12432440831295462
Rtwi,c7,-0.5532362916243508,0.9378012863314829
Rusd,c1,-0.00342869661877346,0.001837052027553025
Rusd,c2,1.012797664786528,0.04346139479184419
Rusd,c3,0.2827938248369091,0.16088021722926024
Ygdw,c1,-0.12281088292057285,0.03402339547291961
Ygdw,c2,-0.0603642976459172,0.014995671694426078
Ygdw,c3,0.001246596163925703,4.588637301564135e-4
Ygdw,c4,0.4963547925290857,0.17159777497315917
Lhrs,c1,0.32813193133267576,0.049861153731189316
Lhrs,c2,9.315564981701288,0.8205693009316981
Lhrs,c4,-0.0030119205509923914,1.487402394132256e-4
Lhrs,c5,1.2403727122254902,0.39182962023382994
Lhrs,c6,-0.8176823485266187,0.23848174819547338
Lhrs,c7,0.13525023325130522,0.22765973733016373
Lhrs,c8,-0.042958433665136804,0.012480650171952455
Lhrs,c9,0.055655487095669726,0.00976094927019827
Phouse,c1,0.15228499165147158,0.3250413264817045
Phouse,c2,-0.2955481338574916,0.07659063408608888
Phouse,c3,0.005147204096364535,3.761145610149564e-4
Phouse,c4,0.1392501349980637,0.8237014041050703
Phouse,c5,1.0579163167103474,0.44355287185201825
Phouse,c6,-1.3157041264087914,0.6255506504351267
Phouse,c7,0.2477858423972082,0.10674594007417151
Phouse,c8,0.37177313917174254,0.10991514868516852
Pimin,c1,-0.054374706590783535,0.11458788665636058
Pimin,c2,-0.024067349028406012,0.027988643084154052
Pimin,c3,0.5192151690670539,0.43634347926125133
Pimin,c4,0.08953629816487108,0.02105391569748978
Pimin,c6,0.05040825967888626,0.020312233585010133
Pimin,c7,0.05312348452194022,0.03484579195786495
Pimin,c9,0.05084396716880139,0.03358609416389221
Pimin,c10,0.03170109147549599,0.03244794072203034
Pimin,c11,0.013902651993620016,0.00278985031908462
Pimin,c12,0.004196501659492582,0.0026683336738791553
Pinonmin,c1,-0.01846178677591011,0.013782007512796941
Pinonmin,c2,-0.03647217377176293,0.010770855787960764
Pinonmin,c3,0.13167506165451542,0.08493157269380515
Pinonmin,c6,0.14345886668117308,0.01675386717868294
Pinonmin,c7,0.03800569787584855,0.025740265565790378
Pinonmin,c8,0.06698131556854549,0.017443692246819586
Pinonmin,c9,0.06706561188779558,0.017045985414791947
Pinonmin,c10,0.0024587420880131826,0.0024769781938839518
Pinonmin,c11,0.0034981859473243618,0.0024132603238632678
Pgc,c1,-0.4053506656652977,0.13443369509504358
Pgc,c2,-0.07924841510021799,0.024283120862923214
Pgc,c3,1.1296881427381165,0.040671984190033816
Pgc,c4,0.16077867308745455,0.04783824068393763
Pgc,c5,-0.3132032695350176,0.07291062156791046
Pidw,c1,-0.1176870196079906,0.07261782432977419
Pidw,c2,-0.03094987815145916,0.015070106838652028
Pidw,c3,0.6339410184810554,0.17569737844141592
Pidw,c4,0.004801769349747227,0.0011215447954142654
Pidw,c5,0.06473926574390651,0.004405199209171341
Pidw,c6,0.804722023138052,0.054486465637994815
Pidw,c7,-0.07470387137344006,0.005579220521577025
Pxsvc,c1,0.006338143644746318,0.002603713845798651
Pxsvc,c2,-0.03628046359243545,0.013091285255409306
Pxsvc,c4,0.0029346619479726855,4.294931051089622e-4
Pxsvc,c5,0.05214843067783505,0.023674679931856464
Pxsvc,c6,0.03540113170663367,0.024548773584863133
Tpit,c1,3.880481437414096e-4,0.0054842537793663645
Tpit,c2,-0.060962993901027426,0.022333496008005868
Tpit,c4,-0.13440745850669034,0.06764903309839387
Tpit,c5,-0.15264983278974698,0.06843576487991153
Tpit,c6,1.1295123060496852,0.29191689417679484
Tpit,c7,-0.31758524818601197,0.06045373797145052
Tpit,c8,-0.24860332755023012,0.042862637769050416
Wgov,x,0.17055305328853326,0.1084517555294004
Prent,c1,-0.1257038492850732,0.026723240502434326
Prent,c2,-0.051830136817640336,0.011272482808187982
Prent,c4,15.677862872520883,0.9365287595220247
Prent,c5,0.029787267490488746,0.011422368204485769
Prent,c6,-0.0635110872411152,0.0419610264416397
Prent,c7,0.09449313898677637,0.042113521213483204
Prent,c8,0.437211971635199,0.09541647036652345
Inonmin,c1,-0.4225643040299693,0.22566298176743071
Inonmin,c2,-0.05101217879894808,0.027310723043545204
Inonmin,c5,0.876527086553765,0.25258663300103784
Inonmin,c6,0.760014805266799,0.2628863300154783
Inonmin,c7,0.46202171507185313,0.25377763254447494
Inonmin,c8,0.3342853302753552,0.25839176722849366
Inonmin,c9,-0.2897268781707257,0.09226566880302835
Inonmin,c10,-0.17604894999788556,0.034886019007429415
Inonmin,c11,-0.484280524927635,0.4910243623947586
Ynli,c1,0.11740986733690251,0.029785971327987566
Ynli,rm,-0.4891520750108713,0.13892225118789941
Ynli,pe,-0.027725200515105037,0.21138920219739143
Ynli,pe1,0.1938272463275348,0.33998748164968734
Ynli,pe2,-0.45004266626806316,0.33964054770266505
Ynli,pe3,0.24118127415177845,0.21153154430095375
Ynli,l_r,0.7106663900294213,0.06767582948053866
EqiEarn,c1,-1.0934690988001472,0.29352544238922423
EqiEarn,c2,-0.31252732519092685,0.07742433903538576
EqiEarn,c3,0.5242266833819065,0.19496964113591594
EqiEarn,c4,-1.37759859791813,0.4367327818527832
EqiEarn,c5,-0.00915208219533713,0.001474422738729751
EqiEarn,c7,0.06741705268339923,0.0974362707500954
EqiEarn,c8,-0.7629398559694649,0.2887833539602874
EqiEarn,c9,0.22150953857501504,0.3396785404375635
EqiEarn,c10,0.15497562496487371,0.35050596642140985
EqiEarn,c11,0.06339595695672187,0.36888121939994506
EqiEarn,c12,0.4904619438935456,0.3548482758756729
EqiEarn,c13,0.5752402299406585,0.352448086596067
Tgst,c1,-0.17087672802314866,0.12022687209853469
Tgst,c2,-0.07557086479564132,0.04544976322159649
Tgst,c3,0.047761749536656316,0.021649421405889293
Tgst,c4,-0.0025747941768777907,0.0012956703597071868
Tgst,c5,0.7209558287682102,0.08117139414264518
Tgst,c6,-0.08347461069081873,0.07892001548599384
Tgst,c7,-0.1228288411437405,0.07963828742192978
Tgst,c8,-0.1816516419529862,0.07820690540404314
Tgst,c9,-0.1711409273295293,0.07670733405601589
Xoth,c1,-0.14221161290967477,0.06179059285750792
Xoth,c2,-0.04763252202992193,0.01705528660522592
Xoth,c3,-0.1404582010796364,0.78431115577903
Xoth,c4,0.702045801800712,0.44196247388072546
Xoth,c5,-0.006332642963022892,0.003314234182771897
Xoth,c6,-0.14387260433642565,0.07469101483274124
Xoth,c7,0.9657768700655383,0.28011795823476626
Pxmin,c1,-0.05444095243625383,0.020680822325644183
Pxmin,c2,-0.0786331980125064,0.026195333573011313
Pxmin,c3,0.41228992188204844,0.06246451130581926
Pxmin,c4,-1.1047048401826634,0.1318585012701518
Pxoth,c1,-0.326663102998233,0.10726715901840282
Pxoth,c2,-0.14513489046754516,0.042126010925355374
Pxoth,c3,0.476209744846854,0.14377265086124663
Pxoth,c4,0.0010908415909805804,4.5452883582823534e-4
Pxoth,c5,0.503032372602559,0.13015791642683805
Pxoth,c6,0.7338012977814983,0.07546737340840264
Pcnh,c1,-0.26756490006597117,0.07333073827150337
Pcnh,c2,-0.07926393918923666,0.021366454280309515
Pcnh,c3,0.7488153498863996,0.021310716291177034
Pcnh,c4,-0.006784042683478449,0.005428570793684496
Pcnh,c5,0.05413359337377974,0.02519990800670128
Pcnh,c6,0.026129828344094004,0.012657933304393989
Pcnh,c9,0.020687235942062558,0.003606448231239641
Pcnh,c10,-0.011662676880252373,0.008281103913690885
Ppcd,c1,0.8011791867171781,0.005047020683106974
Xsvc,c1,-0.7603169122870411,0.3318290731076969
Xsvc,c2,-0.07195447143978609,0.03396723311789194
Xsvc,c3,-0.014805542105236043,0.016660939027606708
Xsvc,c4,0.7359786509829256,0.21988848082942195
Xsvc,c5,-0.0029946150808901027,0.0027851783611756485
Xsvc,c6,1.498175810204358,0.44374243190162094
Xsvc,c7,0.25478763106552255,0.029921694125779365
Xsvc,c8,-0.12349062895491453,0.024711445646299193
Xsvc,c9,-0.14897769762032756,0.04272056851764722
Xsvc,c10,-0.12147504518176404,0.027180395340630013
Mtot,c1,-0.039451340610526006,0.01327424857257003
Mtot,c2,-0.08632535597084895,0.02254829993092657
Mtot,c3,-1.1054379506664065,0.062499371043163714
Mtot,c4,1.3605840039722188,0.14237301241229752
Mtot,c5,0.5795296778081627,0.14065091988626807
Mtot,c6,-21.47983105845444,4.759135575532541
Rcash,c1,0.07860412149313446,0.04006257823605641
Rcash,c2,-3.6135232330500027,1.799315274004147
Rcash,c3,-0.4768631690336219,0.6648039064336871
Rcash,c4,-0.6956287067857632,0.19451678345887807
Rcash,log_sig_state,-5.76329519353847,0.5487603748608125
Rcash,log_sig_obs,-4.816833719568889,0.052456782367206266
R10y,c1,7.979057209120381e-4,4.821928278052527e-4
R10y,d_rat,0.09223098264165712,0.023088361452497232
R10y,d_r90,0.05310276512054327,0.02602022981601953
