date,Lpop,Cgov,Igov,Ipubent,IvtFar,Lnom,IntStu,Fpcpi,Fpoil,Fpcom,Fpagr,FcGdp,FcPpp,Fr10yUs,Fr10yJp,Fr10yDe,Fr10yUk,Lpop15Plus
2025-03-01,27499.25,156125.5975037247,27565.067021472623,11773.475277690157,0,76.25,258921.25,2.002083547818402,72.8314273592171,1.026873193035108,1.1816878478036543,135100737.56355068,3.3974844822145016,0.0429,0.0151,0.02609999999999999,0.0458,22660.055357384823
2025-06-01,27610.4,157739.71187030865,27850.050210690817,11895.196096660196,0,76.25,246475.5,2.014721654202731,71.09207663305381,1.0237034541596564,1.1759021731524306,136745373.27462646,3.365277203174444,0.0429,0.0151,0.02609999999999999,0.0458,22819.501926048
2025-09-01,27708.95,158813.16496892695,28039.575868756692,11976.14549714554,0,73.75,234029.75,2.027439538343165,69.39426485591707,1.0205434995931213,1.1701448258054366,138410029.79884452,3.3333752408558004,0.0429,0.0151,0.02609999999999999,0.0458,22918.978419847874
2025-12-01,27807.5,159893.92314970418,28230.39129020876,12057.64577593383,0,73.75,221584,2.0402377038349573,67.73700000000001,1.0173932991334242,1.1644156670690522,140094950.85763025,3.3017757009345794,0.0429,0.0151,0.02609999999999999,0.0458,23018.5831414875
2026-03-01,27906.050000000003,160982.0361253156,28422.505252167797,12139.700681871913,0,73.75,218260.24,2.0547613937358893,71.09862400156359,1.0587019566397695,1.16820274370124,141615609.79212105,3.2757270620113657,0.0431166666666667,0.0255759818181819,0.0299805555556667,0.04489966666666659,23118.316090966877
2026-06-01,28004.6,162077.5539467421,28615.92659148481,12222.313989318349,0,73.75,214936.48,2.069388472358607,74.62707729772079,1.1016878467231623,1.1720021371974343,143152774.700459,3.249883928140951,0.0431166666666667,0.0255759818181819,0.0299805555556667,0.04489966666666659,23218.177268286003
2026-09-01,28092.15,163180.52700557242,28810.6642051475,12305.48949831704,0,61.25,211612.72,2.0841196756887905,78.33063922415042,1.1464190691304197,1.1758138876162745,144706624.7465363,3.2242446780360647,0.0431166666666667,0.0255759818181819,0.0299805555556667,0.04489966666666659,23307.585749644502
2026-12-01,28179.700000000004,164291.00603632102,29006.727050689497,12389.231034772009,0,61.25,208288.96,2.0989557449513274,82.21799999999999,1.1929664886247178,1.179638035146685,146277341.0389775,3.1988077032002264,0.0431166666666667,0.0255759818181819,0.0299805555556667,0.04489966666666659,23397.099084385005
2027-03-01,28267.250000000004,165409.04211876175,29204.124146602408,12473.542450623389,0,61.25,208288.96,2.1103027090911284,80.60834338399455,1.1811955150890354,1.1858850170275583,147730387.82272053,3.1878230435715635,0.0435,0.0304926484848485,0.03050813492075,0.0441803333333333,23486.717272507503
2027-06-01,28354.800000000003,166534.6866802775,29402.86457275064,12558.427624024602,0,61.25,208288.96,2.121711014969791,79.03020048057577,1.16954068548472,1.1921650809060085,149197868.45480087,3.176876105106019,0.0435,0.0304926484848485,0.03050813492075,0.0441803333333333,23576.440314012
2027-09-01,28438.700000000004,167565.91048196438,29584.93435286443,12636.192501335236,0,56.25,208288.96,2.1331809942010307,77.48295431711041,1.1580008538222106,1.1984784019736048,150679926.31393212,3.165966758269662,0.0435,0.0304926484848485,0.03050813492075,0.0441803333333333,23661.982592310254
2027-12-01,28522.6,168603.5198754482,29768.13155390514,12714.43891792166,0,56.25,208288.96,2.1447129801912665,75.96600000000001,1.1465748854193991,1.204825156349676,152176706.2030795,3.155094873973378,0.0435,0.0304926484848485,0.03050813492075,0.0441803333333333,23747.617985765
2028-03-01,28606.5,169647.55440188624,29952.46315714086,12793.169855593684,0,56.25,208288.96,2.1558745658429084,75.52950224136143,1.134957484895777,1.204898172141857,153676165.15658155,3.1538799271294904,0.0435,0.0304926484848485,0.03050813492075,0.0441803333333333,23833.34649437625
2028-06-01,28690.4,170698.05384728446,30137.936187069416,12872.388314625225,0,56.25,208288.96,2.167094238984769,75.09551258231085,1.123457794952286,1.2049711923590003,155190398.88875595,3.152665448130753,0.0435,0.0304926484848485,0.03050813492075,0.0441803333333333,23919.168118144
2028-09-01,28775.85,171206.45208158062,30227.6974538062,12910.72676865461,0,56.25,208288.96,2.1783723019176704,74.6640166114029,1.1120746229141405,1.2050442170013742,156719552.9815036,3.151451436797009,0.0435,0.0304926484848485,0.03050813492075,0.0441803333333333,24003.8624526405
2028-12-01,28861.300000000003,171714.85031587677,30317.45872054299,12949.065222683996,0,56.25,208288.96,2.189709058515679,74.23500000000003,1.1008067881910522,1.2051172460692468,158263774.45120314,3.150237892948174,0.0435,0.0304926484848485,0.03050813492075,0.0441803333333333,24088.63669485
2029-03-01,28946.75,172223.24855017292,30407.219987279772,12987.403676713382,0,56.25,208288.96,2.201137151640148,74.15361626646475,1.0922704069183178,1.20496274583581,159694352.21624357,3.151208840171772,0.0435,0.0304926484848485,0.03050813492075,0.0441803333333333,24173.4908447725
2029-06-01,29032.2,172731.64678446908,30496.98125401656,13025.74213074277,0,56.25,208288.96,2.2126248879907133,74.07232175381031,1.0838002223714895,1.2048082654098418,161137861.25850782,3.1521800866548366,0.0435,0.0304926484848485,0.03050813492075,0.0441803333333333,24258.424902408
2029-09-01,29118.725,173246.44090058934,30587.871758456586,13064.562900021796,0,56.25,208288.96,2.2241725788454136,73.99111636422391,1.075395721217531,1.204653804788803,162594418.466384,3.153151632489604,0.0435,0.0304926484848485,0.03050813492075,0.0441803333333333,24340.389909412188
2029-12-01,29205.25,173761.23501670957,30678.762262896613,13103.383669300822,0,56.25,208288.96,2.235780537106849,73.90999999999998,1.0670563941041271,1.2044993639701544,164064141.78483933,3.154123477768338,0.0435,0.0304926484848485,0.03050813492075,0.0441803333333333,24422.412368583748
2030-03-01,29291.775,174276.02913282983,30769.652767336644,13142.204438579847,0,56.25,208288.96,2.247476591019806,73.85493850094944,1.0610314091382174,1.2044993639701544,165420447.06475434,3.155337022480466,0.0435,0.0304926484848485,0.03050813492075,0.0441803333333333,24504.492279922688
2030-06-01,29378.300000000003,174790.8232489501,30860.54327177667,13181.025207858873,0,56.25,208288.96,2.259233830579057,73.79991802163468,1.0550404434088163,1.2044993639701544,166787964.813112,3.1565510341022693,0.0435,0.0304926484848485,0.03050813492075,0.0441803333333333,24586.629643429
2030-09-01,29466.800000000003,175317.36793865412,30953.508422229635,13220.732091201187,0,57.125,208288.96,2.2710525758654905,73.7449385314969,1.0490833048310548,1.2044993639701544,168166787.72250232,3.1577655128133912,0.0435,0.0304926484848485,0.03050813492075,0.0441803333333333,24669.129513182
2030-12-01,29555.300000000003,175843.91262835814,31046.473572682597,13260.438974543502,0,57.125,208288.96,2.2829331486344326,73.69000000000001,1.043159802404643,1.2044993639701544,169557009.25179604,3.158980458793543,0.0435,0.0304926484848485,0.03050813492075,0.0441803333333333,24751.680046530004
2031-03-01,29643.800000000003,176370.45731806217,31139.43872313556,13300.145857885816,0,57.125,208288.96,2.2947578707023015,73.59381183101107,1.037479565747463,1.2044993639701544,170935146.34183103,3.1606790316860365,0.0435,0.0304926484848485,0.03050813492075,0.0441803333333333,24834.281243473004
2031-06-01,29732.300000000003,176897.00200776622,31232.40387358852,13339.852741228133,0,57.125,208288.96,2.306643840315709,73.49774921723794,1.0318302592396302,1.2044993639701544,172324484.74903482,3.162378517895314,0.0435,0.0304926484848485,0.03050813492075,0.0441803333333333,24916.933104011005
2031-09-01,29822.225,177432.0249594231,31326.86592053183,13380.198972692058,0,57.45,208288.96,2.318591374713556,73.40181199479235,1.0262117144596168,1.2044993639701544,173725115.51624268,3.1640789179124615,0.0435,0.0304926484848485,0.03050813492075,0.0441803333333333,24996.808346872065
2031-12-01,29912.15,177967.04791108,31421.327967475132,13420.545204155986,0,57.45,208288.96,2.33060079277792,73.30599999999998,1.0206237639029867,1.2044993639701544,175137130.42627218,3.16578023222883,0.0435,0.0304926484848485,0.03050813492075,0.0441803333333333,25076.71081407725
2032-03-01,30002.075,178502.0708627369,31515.790014418435,13460.891435619917,0,57.45,208288.96,2.342167405036931,73.30599999999998,1.0206237639029867,1.2044993639701544,176343282.10826254,3.16578023222883,0.0435,0.0304926484848485,0.03050813492075,0.0441803333333333,25156.640505626565
2032-06-01,30092,179037.0938143938,31610.25206136174,13501.237667083842,0,57.45,208288.96,2.3537914216011173,73.30599999999998,1.0206237639029867,1.2044993639701544,177557740.4347465,3.16578023222883,0.0435,0.0304926484848485,0.03050813492075,0.0441803333333333,25236.59742152
2032-09-01,30181.575,179570.03438592193,31704.346449517943,13541.426865675794,0,57.775,208288.96,2.3654731273641176,73.30599999999998,1.0206237639029867,1.2044993639701544,178780562.6127429,3.16578023222883,0.0435,0.0304926484848485,0.03050813492075,0.0441803333333333,25314.368811055876
2032-12-01,30271.15,180102.97495745006,31798.44083767415,13581.616064267748,0,57.775,208288.96,2.377212808633478,73.30599999999998,1.0206237639029867,1.2044993639701544,180011806.24324945,3.16578023222883,0.0435,0.0304926484848485,0.03050813492075,0.0441803333333333,25392.155927274503
2033-03-01,30360.725,180635.9155289782,31892.535225830354,13621.8052628597,0,57.775,208288.96,2.3890107531376694,73.30599999999998,1.0206237639029867,1.2044993639701544,181251529.32395747,3.16578023222883,0.0435,0.0304926484848485,0.03050813492075,0.0441803333333333,25469.958770175876
2033-06-01,30450.300000000003,181168.8561005063,31986.62961398656,13661.994461451652,0,57.775,208288.96,2.40086725003314,73.30599999999998,1.0206237639029867,1.2044993639701544,182499790.25198248,3.16578023222883,0.0435,0.0304926484848485,0.03050813492075,0.0441803333333333,25547.77733976
2033-09-01,30539.500000000004,181699.56555046787,32080.330082013726,13702.015410537915,0,58.1,208288.96,2.4127825899114,73.30599999999998,1.0206237639029867,1.2044993639701544,183756647.8266137,3.16578023222883,0.0435,0.0304926484848485,0.03050813492075,0.0441803333333333,25624.418509690004
2033-12-01,30628.700000000004,182230.27500042945,32174.03055004089,13742.036359624182,0,58.1,208288.96,2.4247570648061476,73.30599999999998,1.0206237639029867,1.2044993639701544,185022161.25208503,3.16578023222883,0.0435,0.0304926484848485,0.03050813492075,0.0441803333333333,25701.070208788
2034-03-01,30717.9,182760.984450391,32267.73101806805,13782.057308710446,0,58.1,208288.96,2.436790968200423,73.30599999999998,1.0206237639029867,1.2044993639701544,186296390.1403655,3.16578023222883,0.0435,0.0304926484848485,0.03050813492075,0.0441803333333333,25777.732437054
2034-06-01,30807.1,183291.69390035255,32361.431486095214,13822.078257796711,0,58.1,208288.96,2.4488845950338027,73.30599999999998,1.0206237639029867,1.2044993639701544,187579394.5139648,3.16578023222883,0.0435,0.0304926484848485,0.03050813492075,0.0441803333333333,25854.405194488
2034-09-01,30895.95,183820.3209701854,32454.76429533528,13861.942174011,0,58.425,208288.96,2.461038241709628,73.30599999999998,1.0206237639029867,1.2044993639701544,188871234.8087623,3.16578023222883,0.0435,0.0304926484848485,0.03050813492075,0.0441803333333333,25928.880723982504
2034-12-01,30984.800000000003,184348.9480400182,32548.097104575347,13901.806090225293,0,58.425,208288.96,2.473252206102271,73.30599999999998,1.0206237639029867,1.2044993639701544,190171971.87685135,3.16578023222883,0.0435,0.0304926484848485,0.03050813492075,0.0441803333333333,26003.355732816
2035-03-01,31073.65,184877.575109851,32641.42991381541,13941.67000643958,0,58.425,208288.96,2.4855267875644316,73.30599999999998,1.0206237639029867,1.2044993639701544,191481666.98940983,3.16578023222883,0.0435,0.0304926484848485,0.03050813492075,0.0441803333333333,26077.8302209885
2035-06-01,31162.5,185406.20217968375,32734.762723055468,13981.533922653867,0,58.425,208288.96,2.497862286934479,73.30599999999998,1.0206237639029867,1.2044993639701544,192800381.8395816,3.16578023222883,0.0435,0.0304926484848485,0.03050813492075,0.0441803333333333,26152.3041885
2035-09-01,31251,185932.74686938783,32827.727873508426,14021.240805996182,0,58.75,208288.96,2.510259006543821,73.30599999999998,1.0206237639029867,1.2044993639701544,194128178.5453869,3.16578023222883,0.0435,0.0304926484848485,0.03050813492075,0.0441803333333333,26226.873061207498
2035-12-01,31339.5,186459.29155909183,32920.69302396139,14060.947689338496,0,58.75,208288.96,2.5227172502243165,73.30599999999998,1.0206237639029867,1.2044993639701544,195465119.6526465,3.16578023222883,0.0435,0.0304926484848485,0.03050813492075,0.0441803333333333,26301.443619397494
2036-03-01,31428,186985.83624879588,33013.65817441435,14100.65457268081,0,58.75,208288.96,2.5352373233157204,73.30599999999998,1.0206237639029867,1.2044993639701544,196409858.95568708,3.16578023222883,0.0435,0.0304926484848485,0.03050813492075,0.0441803333333333,26376.01586307
2036-06-01,31516.5,187512.38093849993,33106.62332486731,14140.361456023124,0,58.75,208288.96,2.5478195326731687,73.30599999999998,1.0206237639029867,1.2044993639701544,197359164.4562782,3.16578023222883,0.0435,0.0304926484848485,0.03050813492075,0.0441803333333333,26450.589792225
2036-09-01,31605,188038.925628204,33199.58847532027,14180.06833936544,0,58.75,208288.96,2.5604641866746976,73.30599999999998,1.0206237639029867,1.2044993639701544,198313058.22417107,3.16578023222883,0.0435,0.0304926484848485,0.03050813492075,0.0441803333333333,26524.86444825
2036-12-01,31693.5,188565.470317908,33292.55362577323,14219.775222707754,0,58.75,208288.96,2.573171595228803,73.30599999999998,1.0206237639029867,1.2044993639701544,199271562.4357843,3.16578023222883,0.0435,0.0304926484848485,0.03050813492075,0.0441803333333333,26599.139104275
