date,variable,actual,simulated
2010-03-01,Ygdp,475934,480960.9946790271
2010-06-01,Ygdp,478897,481139.01100688305
2010-09-01,Ygdp,482263,481949.17022559664
2010-12-01,Ygdp,486298,483188.3765629235
2011-03-01,Ygdp,484880,485185.99237369245
2011-06-01,Ygdp,490735,482572.53304971085
2011-09-01,Ygdp,497577,488064.667962813
2011-12-01,Ygdp,503106,492021.74902870425
2012-03-01,Ygdp,508343,489713.4090861281
2012-06-01,Ygdp,511992,495552.35108807683
2012-09-01,Ygdp,515130,496009.27569611813
2012-12-01,Ygdp,517406,495073.7724909618
2013-03-01,Ygdp,520081,495417.80789491977
2013-06-01,Ygdp,522048,486975.6983269286
2013-09-01,Ygdp,526346,498319.48728499556
2013-12-01,Ygdp,530450,503747.0866215849
2014-03-01,Ygdp,534586,502646.3651657835
2014-06-01,Ygdp,537250,503085.43634097476
2014-09-01,Ygdp,539402,509762.9377568776
2014-12-01,Ygdp,541385,512432.79712023534
2015-03-01,Ygdp,546635,514638.53833022737
2015-06-01,Ygdp,547281,520245.45954815723
2015-09-01,Ygdp,552613,522713.37769323087
2015-12-01,Ygdp,556043,527340.7696466455
2016-03-01,Ygdp,561139,531884.3394115192
2016-06-01,Ygdp,564835,539649.0001139526
2016-09-01,Ygdp,564782,542741.6328187407
2016-12-01,Ygdp,571367,549437.5746505827
2017-03-01,Ygdp,573149,554386.4337733402
2017-06-01,Ygdp,576579,559966.3162956275
2017-09-01,Ygdp,582043,559664.0439066425
2017-12-01,Ygdp,584367,567262.3245721362
2018-03-01,Ygdp,590393,571142.5104104712
2018-06-01,Ygdp,594775,572424.4659415954
2018-09-01,Ygdp,597020,580152.0380705646
2018-12-01,Ygdp,598542,583838.4309365011
2019-03-01,Ygdp,602883,586964.1881202217
2019-06-01,Ygdp,604726,591026.3511621788
2019-09-01,Ygdp,608257,596241.356527818
2019-12-01,Ygdp,611850,597443.243678997
2020-03-01,Ygdp,610510,597635.9104936596
2020-06-01,Ygdp,569344,588828.6391883923
2020-09-01,Ygdp,589128,599721.8041486593
2020-12-01,Ygdp,609184,602388.4430691898
2021-03-01,Ygdp,622355,609854.0354879205
2021-06-01,Ygdp,627461,613857.7519033658
2021-09-01,Ygdp,616714,621924.7642810893
2021-12-01,Ygdp,639091,621356.6717787774
2022-03-01,Ygdp,645027,629838.8759525546
2022-06-01,Ygdp,651417,634025.2606277377
2022-09-01,Ygdp,654547,635850.8334994292
2022-12-01,Ygdp,659948,641039.0008497437
2023-03-01,Ygdp,663102,643760.4292446363
2023-06-01,Ygdp,666120,648568.3664803968
2023-09-01,Ygdp,668806,653087.961407245
2023-12-01,Ygdp,668754,657649.8272726955
2024-03-01,Ygdp,670388,662034.7146750438
2024-06-01,Ygdp,672076,665055.7307850936
2024-09-01,Ygdp,674130,671987.4877387092
2024-12-01,Ygdp,677077,672146.829824488
2010-03-01,YgdpNom,329458,329074.2053258579
2010-06-01,YgdpNom,341052,330544.5012581606
2010-09-01,YgdpNom,346004,333023.80045331985
2010-12-01,YgdpNom,352107,337070.12695496425
2011-03-01,YgdpNom,358017,342509.6545575289
2011-06-01,YgdpNom,366941,343605.88738592376
2011-09-01,YgdpNom,373550,349241.5211801667
2011-12-01,YgdpNom,374487,353479.03291024093
2012-03-01,YgdpNom,375468,354251.7200194509
2012-06-01,YgdpNom,380785,359929.41641961545
2012-09-01,YgdpNom,381809,362581.0824978717
2012-12-01,YgdpNom,383401,363355.28116218315
2013-03-01,YgdpNom,387295,365660.08610460855
2013-06-01,YgdpNom,391610,359850.91046900454
2013-09-01,YgdpNom,395715,369841.4632981684
2013-12-01,YgdpNom,401762,375565.3335126792
2014-03-01,YgdpNom,405004,376631.54967965453
2014-06-01,YgdpNom,404524,378916.92916456296
2014-09-01,YgdpNom,404381,384902.0677816761
2014-12-01,YgdpNom,406897,386022.8426383011
2015-03-01,YgdpNom,409875,386547.84018759336
2015-06-01,YgdpNom,408977,392593.903906201
2015-09-01,YgdpNom,413525,394212.6150835296
2015-12-01,YgdpNom,413706,397952.6360594817
2016-03-01,YgdpNom,416081,401699.2149054218
2016-06-01,YgdpNom,420973,411175.5456392938
2016-09-01,YgdpNom,426421,415924.591973457
2016-12-01,YgdpNom,440621,423673.2440673861
2017-03-01,YgdpNom,448531,430222.43699135317
2017-06-01,YgdpNom,448464,436157.2314207455
2017-09-01,YgdpNom,454276,438518.7074700512
2017-12-01,YgdpNom,456786,447909.26417062077
2018-03-01,YgdpNom,465769,454428.7760940713
2018-06-01,YgdpNom,472054,459260.24024877313
2018-09-01,YgdpNom,479421,467737.3311657091
2018-12-01,YgdpNom,484269,472775.5748117469
2019-03-01,YgdpNom,491654,477615.08940262074
2019-06-01,YgdpNom,499205,484805.2976390368
2019-09-01,YgdpNom,505886,490708.48074190354
2019-12-01,YgdpNom,504896,495342.75391374534
2020-03-01,YgdpNom,506568,496560.6577132884
2020-06-01,YgdpNom,470138,485206.57516244805
2020-09-01,YgdpNom,490232,502758.01954573893
2020-12-01,YgdpNom,512567,507642.5463909053
2021-03-01,YgdpNom,533982,520207.122950432
2021-06-01,YgdpNom,553501,529859.4256725728
2021-09-01,YgdpNom,551378,541955.1474020698
2021-12-01,YgdpNom,569472,548475.286846308
2022-03-01,YgdpNom,595061,565164.6881422976
2022-06-01,YgdpNom,623700,576283.3080016101
2022-09-01,YgdpNom,632064,582407.8114041635
2022-12-01,YgdpNom,640361,590641.2291328205
2023-03-01,YgdpNom,652785,595781.3713213346
2023-06-01,YgdpNom,650898,604465.252192938
2023-09-01,YgdpNom,658811,616722.4316347853
2023-12-01,YgdpNom,667256,625471.8167874077
2024-03-01,YgdpNom,676050,634518.8597924365
2024-06-01,YgdpNom,678357,644400.5443139882
2024-09-01,YgdpNom,681417,656052.9960404739
2024-12-01,YgdpNom,690352,662200.3488017956
2010-03-01,Cpr,250171,253220.74878440425
2010-06-01,Cpr,253795,254003.61098323826
2010-09-01,Cpr,256335,254864.74307369834
2010-12-01,Cpr,259199,255858.0133358999
2011-03-01,Cpr,260732,257198.49657102977
2011-06-01,Cpr,262484,257105.1785504222
2011-09-01,Cpr,264235,259078.22811442538
2011-12-01,Cpr,265385,260995.53619354137
2012-03-01,Cpr,269320,261032.09424987476
2012-06-01,Cpr,270480,263324.9244007857
2012-09-01,Cpr,271290,264092.6033162041
2012-12-01,Cpr,271887,265985.3570888976
2013-03-01,Cpr,273552,265873.66458688903
2013-06-01,Cpr,274290,263202.3582265869
2013-09-01,Cpr,276681,268207.0272615427
2013-12-01,Cpr,277931,270909.1923216604
2014-03-01,Cpr,280126,271970.9255928264
2014-06-01,Cpr,281366,273127.4888786815
2014-09-01,Cpr,283963,276498.2213962445
2014-12-01,Cpr,285728,278367.67088775977
2015-03-01,Cpr,286815,280201.17074005737
2015-06-01,Cpr,288596,283106.4927063159
2015-09-01,Cpr,291248,284718.1183257567
2015-12-01,Cpr,292696,287273.80371379596
2016-03-01,Cpr,295146,289683.81962100015
2016-06-01,Cpr,296578,293383.0815499982
2016-09-01,Cpr,298417,295423.26115882443
2016-12-01,Cpr,300485,298665.4576692433
2017-03-01,Cpr,302058,300958.84335018834
2017-06-01,Cpr,303774,303566.7109132561
2017-09-01,Cpr,305893,304236.8414593767
2017-12-01,Cpr,308870,307249.75147787394
2018-03-01,Cpr,310941,309076.074759274
2018-06-01,Cpr,313022,310167.585559604
2018-09-01,Cpr,313517,312814.33582079824
2018-12-01,Cpr,314333,314490.0298352934
2019-03-01,Cpr,315449,316080.47376438556
2019-06-01,Cpr,316413,318107.3842175599
2019-09-01,Cpr,315922,319753.952791133
2019-12-01,Cpr,316940,321178.0617067755
2020-03-01,Cpr,312729,322040.90521639236
2020-06-01,Cpr,272877,316150.62429747556
2020-09-01,Cpr,293617,329776.32263673807
2020-12-01,Cpr,307188,326832.1661134246
2021-03-01,Cpr,311619,331941.68430036254
2021-06-01,Cpr,314822,334892.8291649621
2021-09-01,Cpr,300006,338029.7357798355
2021-12-01,Cpr,319366,340081.60887254536
2022-03-01,Cpr,327173,342833.6065395325
2022-06-01,Cpr,333484,342979.567295422
2022-09-01,Cpr,337055,343114.4224814122
2022-12-01,Cpr,340288,343744.33088372246
2023-03-01,Cpr,342730,344031.101496987
2023-06-01,Cpr,344199,345042.09849275125
2023-09-01,Cpr,343778,346361.2988448718
2023-12-01,Cpr,343920,347124.452551889
2024-03-01,Cpr,345893,348555.58718398295
2024-06-01,Cpr,344825,350109.0463162257
2024-09-01,Cpr,345185,352316.57872401265
2024-12-01,Cpr,347360,353060.33568265394
2010-03-01,Cgov,86291,86291
2010-06-01,Cgov,87414,87414
2010-09-01,Cgov,87011,87011
2010-12-01,Cgov,88114,88114
2011-03-01,Cgov,89547,89547
2011-06-01,Cgov,90476,90476
2011-09-01,Cgov,91339,91339
2011-12-01,Cgov,91886,91886
2012-03-01,Cgov,92235,92235
2012-06-01,Cgov,93195,93195
2012-09-01,Cgov,92074,92074
2012-12-01,Cgov,92052,92052
2013-03-01,Cgov,93223,93223
2013-06-01,Cgov,93413,93413
2013-09-01,Cgov,93991,93991
2013-12-01,Cgov,95062,95062
2014-03-01,Cgov,93926,93926
2014-06-01,Cgov,93902,93902
2014-09-01,Cgov,94915,94915
2014-12-01,Cgov,95467,95467
2015-03-01,Cgov,96973,96973
2015-06-01,Cgov,97833,97833
2015-09-01,Cgov,99022,99022
2015-12-01,Cgov,99880,99880
2016-03-01,Cgov,101379,101379
2016-06-01,Cgov,103397,103397
2016-09-01,Cgov,104949,104949
2016-12-01,Cgov,104662,104662
2017-03-01,Cgov,106319,106319
2017-06-01,Cgov,107539,107539
2017-09-01,Cgov,107444,107444
2017-12-01,Cgov,109255,109255
2018-03-01,Cgov,110724,110724
2018-06-01,Cgov,111043,111043
2018-09-01,Cgov,112111,112111
2018-12-01,Cgov,114043,114043
2019-03-01,Cgov,115326,115326
2019-06-01,Cgov,119011,119011
2019-09-01,Cgov,120246,120246
2019-12-01,Cgov,121953,121953
2020-03-01,Cgov,124811,124811
2020-06-01,Cgov,127457,127457
2020-09-01,Cgov,130122,130122
2020-12-01,Cgov,131279,131279
2021-03-01,Cgov,131635,131635
2021-06-01,Cgov,133903,133903
2021-09-01,Cgov,138137,138137
2021-12-01,Cgov,139423,139423
2022-03-01,Cgov,143202,143202
2022-06-01,Cgov,142428,142428
2022-09-01,Cgov,142092,142092
2022-12-01,Cgov,142992,142992
2023-03-01,Cgov,143473,143473
2023-06-01,Cgov,144552,144552
2023-09-01,Cgov,146243,146243
2023-12-01,Cgov,146681,146681
2024-03-01,Cgov,149342,149342
2024-06-01,Cgov,151247,151247
2024-09-01,Cgov,153831,153831
2024-12-01,Cgov,154528,154528
2010-03-01,Idwell,28118,29217.689477167172
2010-06-01,Idwell,29185,29796.781574718963
2010-09-01,Idwell,29351,30051.582922654496
2010-12-01,Idwell,28401,29885.063300829752
2011-03-01,Idwell,28643,29548.26653998746
2011-06-01,Idwell,28385,29269.0933525144
2011-09-01,Idwell,27815,29124.60101627011
2011-12-01,Idwell,27388,29161.56532108739
2012-03-01,Idwell,26271,29343.062972330485
2012-06-01,Idwell,25243,29563.870868110535
2012-09-01,Idwell,26253,29800.074135808172
2012-12-01,Idwell,26988,30025.09250689894
2013-03-01,Idwell,27207,30222.49137439016
2013-06-01,Idwell,27686,30344.110063128777
2013-09-01,Idwell,28072,30398.149729721663
2013-12-01,Idwell,28417,30542.902073596193
2014-03-01,Idwell,30207,30738.01429289641
2014-06-01,Idwell,30616,30824.701402217415
2014-09-01,Idwell,30676,30770.469882475212
2014-12-01,Idwell,31816,30731.06502289034
2015-03-01,Idwell,33595,30712.886527635757
2015-06-01,Idwell,32816,30688.24582689373
2015-09-01,Idwell,34476,30685.37535650939
2015-12-01,Idwell,34776,30722.227395722926
2016-03-01,Idwell,36207,30801.586108597323
2016-06-01,Idwell,36735,30920.217652581603
2016-09-01,Idwell,36364,31088.39499137454
2016-12-01,Idwell,37420,31258.92813977291
2017-03-01,Idwell,35711,31433.263598739773
2017-06-01,Idwell,35856,31606.37690218305
2017-09-01,Idwell,35395,31795.768749173232
2017-12-01,Idwell,35574,31978.540181117263
2018-03-01,Idwell,36479,32204.713445909034
2018-06-01,Idwell,37551,32464.480955482722
2018-09-01,Idwell,37303,32729.220818454898
2018-12-01,Idwell,36318,32998.76686527224
2019-03-01,Idwell,35127,33266.39317194456
2019-06-01,Idwell,34058,33503.72298698461
2019-09-01,Idwell,33955,33713.34914491556
2019-12-01,Idwell,32978,33909.94223657335
2020-03-01,Idwell,32756,34086.02475772593
2020-06-01,Idwell,30908,31930.110673387284
2020-09-01,Idwell,31537,32203.48524821769
2020-12-01,Idwell,32929,34152.55266412208
2021-03-01,Idwell,34990,36548.52379383102
2021-06-01,Idwell,35399,36713.93546419234
2021-09-01,Idwell,35580,36754.64316296361
2021-12-01,Idwell,35346,36758.79160795189
2022-03-01,Idwell,35523,36554.297425285135
2022-06-01,Idwell,34137,36278.71423326806
2022-09-01,Idwell,33907,36060.64658403898
2022-12-01,Idwell,34117,35990.34379465656
2023-03-01,Idwell,34047,36096.553966271225
2023-06-01,Idwell,34482,36369.37572199555
2023-09-01,Idwell,34541,36763.71667376104
2023-12-01,Idwell,33364,37213.25754917958
2024-03-01,Idwell,33713,37640.23581001075
2024-06-01,Idwell,34160,38000.41951590325
2024-09-01,Idwell,34524,38279.44432707764
2024-12-01,Idwell,35136,38478.942516847645
2010-03-01,Imin,18063,18500.154743039402
2010-06-01,Imin,20407,18500.7917671303
2010-09-01,Imin,21100,18498.891536048202
2010-12-01,Imin,21705,18761.910569600026
2011-03-01,Imin,25841,19018.6414988528
2011-06-01,Imin,27724,19453.65532457209
2011-09-01,Imin,35167,19817.798365900777
2011-12-01,Imin,34476,20102.84259470546
2012-03-01,Imin,42698,20407.130725768202
2012-06-01,Imin,47060,20380.27614688009
2012-09-01,Imin,46272,20735.783001638498
2012-12-01,Imin,48797,20652.476083976664
2013-03-01,Imin,45765,20897.643160756164
2013-06-01,Imin,46904,20767.206429101807
2013-09-01,Imin,47503,20966.6364783692
2013-12-01,Imin,43882,20882.27800174875
2014-03-01,Imin,40618,21118.450822292816
2014-06-01,Imin,38686,21275.908258943335
2014-09-01,Imin,37506,21446.20494387924
2014-12-01,Imin,36098,21395.871946336923
2015-03-01,Imin,32664,21209.23777940346
2015-06-01,Imin,28675,21184.88206385675
2015-09-01,Imin,27590,20620.375908641065
2015-12-01,Imin,25440,20671.997693013393
2016-03-01,Imin,24157,20053.32110096976
2016-06-01,Imin,20550,20183.28064997602
2016-09-01,Imin,17632,19641.931023581354
2016-12-01,Imin,18572,19955.143283380905
2017-03-01,Imin,18894,19691.352604246345
2017-06-01,Imin,18213,19656.84193519958
2017-09-01,Imin,18917,19585.57215297938
2017-12-01,Imin,17695,19550.51135776322
2018-03-01,Imin,16597,19591.688038153392
2018-06-01,Imin,16804,19823.20967179783
2018-09-01,Imin,16050,19898.858779434926
2018-12-01,Imin,14612,20028.907956531064
2019-03-01,Imin,14563,20039.152380123855
2019-06-01,Imin,15140,20099.112920003852
2019-09-01,Imin,15437,19972.875533972518
2019-12-01,Imin,16120,20140.294905238923
2020-03-01,Imin,16691,19785.512624212817
2020-06-01,Imin,16919,19541.811979044698
2020-09-01,Imin,16057,19467.785435763548
2020-12-01,Imin,16324,19018.666171614277
2021-03-01,Imin,16890,19463.40452930999
2021-06-01,Imin,17404,19327.68016440077
2021-09-01,Imin,17941,19939.74779136419
2021-12-01,Imin,18673,20035.82112263503
2022-03-01,Imin,18344,20728.628864126804
2022-06-01,Imin,17872,21095.971978288446
2022-09-01,Imin,17911,21641.225866678647
2022-12-01,Imin,18268,21843.06386007809
2023-03-01,Imin,18345,22007.60031225533
2023-06-01,Imin,18683,21921.14346424867
2023-09-01,Imin,19988,22088.773974154243
2023-12-01,Imin,19368,22027.662725808175
2024-03-01,Imin,19286,22217.918909888358
2024-06-01,Imin,19057,22308.15681007096
2024-09-01,Imin,19047,22289.351970151285
2024-12-01,Imin,18982,22389.676938178043
2010-03-01,Inonmin,39647,41569.98536957062
2010-06-01,Inonmin,39162,42482.34837894548
2010-09-01,Inonmin,39422,42852.988147402386
2010-12-01,Inonmin,40897,43113.705561560535
2011-03-01,Inonmin,40906,43182.93693928844
2011-06-01,Inonmin,42252,42960.80404923289
2011-09-01,Inonmin,42903,43095.38453400777
2011-12-01,Inonmin,41301,43558.20288081812
2012-03-01,Inonmin,42222,43505.03883787699
2012-06-01,Inonmin,41560,44014.33404106658
2012-09-01,Inonmin,41906,44267.26985007355
2012-12-01,Inonmin,35492,36948.194537288204
2013-03-01,Inonmin,39052,39236.31743371217
2013-06-01,Inonmin,41572,37894.266993727484
2013-09-01,Inonmin,36894,38564.92974872452
2013-12-01,Inonmin,37622,39491.91435420377
2014-03-01,Inonmin,40266,40032.07058011951
2014-06-01,Inonmin,42840,40604.284029037066
2014-09-01,Inonmin,40539,41237.52239601028
2014-12-01,Inonmin,40378,41805.89252178559
2015-03-01,Inonmin,41834,42424.95740259746
2015-06-01,Inonmin,43431,43331.25509075077
2015-09-01,Inonmin,41201,44041.363296282296
2015-12-01,Inonmin,41666,44894.78256801142
2016-03-01,Inonmin,41172,45951.215502402985
2016-06-01,Inonmin,41520,47229.72507137116
2016-09-01,Inonmin,42706,48461.74002694575
2016-12-01,Inonmin,42099,49805.25301629587
2017-03-01,Inonmin,43578,51163.48966985865
2017-06-01,Inonmin,43156,52427.33374429432
2017-09-01,Inonmin,48558,53176.78344445707
2017-12-01,Inonmin,48608,54182.792250712126
2018-03-01,Inonmin,50487,55156.27491004335
2018-06-01,Inonmin,49641,55722.81845970486
2018-09-01,Inonmin,49556,56827.80970298406
2018-12-01,Inonmin,50746,57735.01702782091
2019-03-01,Inonmin,51687,58500.310092405554
2019-06-01,Inonmin,50468,59532.65346329571
2019-09-01,Inonmin,50846,60447.266521205514
2019-12-01,Inonmin,50240,61104.84324159565
2020-03-01,Inonmin,49284,61959.99295114207
2020-06-01,Inonmin,46605,61509.42533803984
2020-09-01,Inonmin,46487,63200.54694916774
2020-12-01,Inonmin,48803,64541.071329909326
2021-03-01,Inonmin,51946,66247.98474206118
2021-06-01,Inonmin,52436,68847.47231555941
2021-09-01,Inonmin,52205,70675.49157493914
2021-12-01,Inonmin,52703,72226.06160885899
2022-03-01,Inonmin,53662,73506.0542120443
2022-06-01,Inonmin,55468,74184.13687064682
2022-09-01,Inonmin,57085,74104.83008960572
2022-12-01,Inonmin,56687,74223.65695638942
2023-03-01,Inonmin,59006,73867.49884372532
2023-06-01,Inonmin,60602,73839.43408048853
2023-09-01,Inonmin,59066,74070.95170569513
2023-12-01,Inonmin,61128,74252.36812502898
2024-03-01,Inonmin,60572,74896.74242557754
2024-06-01,Inonmin,61171,75486.86199281953
2024-09-01,Inonmin,60384,76532.27469510767
2024-12-01,Inonmin,60839,77248.60499541166
2010-03-01,IvtNonfarm,180324,181023.906135637
2010-06-01,IvtNonfarm,177905,181487.5636812531
2010-09-01,IvtNonfarm,177236,181838.04943874577
2010-12-01,IvtNonfarm,177101,182249.38821672174
2011-03-01,IvtNonfarm,178596,182682.18307023493
2011-06-01,IvtNonfarm,182661,183202.2987115905
2011-09-01,IvtNonfarm,181636,183355.4188693994
2011-12-01,IvtNonfarm,184132,184088.52266538294
2012-03-01,IvtNonfarm,187863,184821.1202631916
2012-06-01,IvtNonfarm,188546,185175.9146363455
2012-09-01,IvtNonfarm,189421,186084.7474174601
2012-12-01,IvtNonfarm,188644,186646.5997450472
2013-03-01,IvtNonfarm,188252,187102.84747818782
2013-06-01,IvtNonfarm,187904,187523.57252818742
2013-09-01,IvtNonfarm,187151,187115.71117050108
2013-12-01,IvtNonfarm,184287,188094.86269119155
2014-03-01,IvtNonfarm,181933,188887.50062634295
2014-06-01,IvtNonfarm,182592,189441.46064559772
2014-09-01,IvtNonfarm,185187,189976.69528145564
2014-12-01,IvtNonfarm,182630,190980.71849954143
2015-03-01,IvtNonfarm,184204,191829.60560524935
2015-06-01,IvtNonfarm,184503,192714.05484564684
2015-09-01,IvtNonfarm,185053,193866.53791487095
2015-12-01,IvtNonfarm,184956,194874.18802003606
2016-03-01,IvtNonfarm,184671,196090.14963049113
2016-06-01,IvtNonfarm,186340,197347.802063389
2016-09-01,IvtNonfarm,189026,198965.42934480793
2016-12-01,IvtNonfarm,188805,200352.19505928128
2017-03-01,IvtNonfarm,190762,202061.51183762657
2017-06-01,IvtNonfarm,189151,203694.73581590474
2017-09-01,IvtNonfarm,190226,205449.89287619368
2017-12-01,IvtNonfarm,191005,206735.02731454046
2018-03-01,IvtNonfarm,192301,208534.48841085928
2018-06-01,IvtNonfarm,194814,210096.1003377778
2018-09-01,IvtNonfarm,195372,211487.63612447394
2018-12-01,IvtNonfarm,194262,213289.03229144172
2019-03-01,IvtNonfarm,196095,214868.8601816375
2019-06-01,IvtNonfarm,193874,216429.15775616706
2019-09-01,IvtNonfarm,192686,217996.1024601233
2019-12-01,IvtNonfarm,191661,219658.82397303957
2020-03-01,IvtNonfarm,186143,221019.9972866562
2020-06-01,IvtNonfarm,180554,222192.06266333652
2020-09-01,IvtNonfarm,179022,222403.2226473217
2020-12-01,IvtNonfarm,179443,223860.6635718781
2021-03-01,IvtNonfarm,183974,224839.03407574387
2021-06-01,IvtNonfarm,184422,226395.48478381304
2021-09-01,IvtNonfarm,183417,227757.68289796167
2021-12-01,IvtNonfarm,188042,229560.70623792423
2022-03-01,IvtNonfarm,195555,230754.27564099059
2022-06-01,IvtNonfarm,198209,232600.99532996656
2022-09-01,IvtNonfarm,207807,234177.50675711985
2022-12-01,IvtNonfarm,209777,235632.15164788137
2023-03-01,IvtNonfarm,213428,237245.71436482357
2023-06-01,IvtNonfarm,211323,238678.74457616496
2023-09-01,IvtNonfarm,215473,240261.99880755387
2023-12-01,IvtNonfarm,213613,241831.02341284
2024-03-01,IvtNonfarm,216335,243442.67727677716
2024-06-01,IvtNonfarm,218021,245053.90083626792
2024-09-01,IvtNonfarm,217335,246560.8562164234
2024-12-01,IvtNonfarm,217763,248360.46507723082
2010-03-01,Xmin,54071,52259.88670086192
2010-06-01,Xmin,55233,53173.40837440006
2010-09-01,Xmin,53739,53613.108756156806
2010-12-01,Xmin,55421,54303.10853166033
2011-03-01,Xmin,50675,55159.631091157986
2011-06-01,Xmin,52820,55051.31670170007
2011-09-01,Xmin,54547,56477.48732086398
2011-12-01,Xmin,56350,56626.9519815453
2012-03-01,Xmin,56146,57104.63805841634
2012-06-01,Xmin,57676,57894.877459628035
2012-09-01,Xmin,59814,58254.06536559268
2012-12-01,Xmin,60572,58945.07397017691
2013-03-01,Xmin,60921,59544.59508047142
2013-06-01,Xmin,64540,59997.08677835419
2013-09-01,Xmin,65424,60696.73263048324
2013-12-01,Xmin,66837,61406.79928068729
2014-03-01,Xmin,69251,62051.39756155646
2014-06-01,Xmin,71281,62689.744897387696
2014-09-01,Xmin,73218,63331.939212077676
2014-12-01,Xmin,75153,63806.08993638896
2015-03-01,Xmin,76904,64023.080698957085
2015-06-01,Xmin,73499,64569.61683425854
2015-09-01,Xmin,77202,65297.696817147815
2015-12-01,Xmin,77270,65664.86259688853
2016-03-01,Xmin,81067,66130.96586252039
2016-06-01,Xmin,81923,67109.2710217068
2016-09-01,Xmin,81925,67840.85332703311
2016-12-01,Xmin,86614,68564.88197992899
2017-03-01,Xmin,81323,69311.83182031233
2017-06-01,Xmin,81070,70037.80839481542
2017-09-01,Xmin,86298,70565.07843147186
2017-12-01,Xmin,85383,71356.670641557
2018-03-01,Xmin,90498,72255.83117216446
2018-06-01,Xmin,91289,72419.19732713552
2018-09-01,Xmin,90584,73624.71773151665
2018-12-01,Xmin,92116,73965.29138782619
2019-03-01,Xmin,90040,74368.17365292045
2019-06-01,Xmin,93903,73148.32516416784
2019-09-01,Xmin,93409,74247.97476939777
2019-12-01,Xmin,92356,73508.82626480838
2020-03-01,Xmin,93078,73539.64880393667
2020-06-01,Xmin,92481,76060.46738517101
2020-09-01,Xmin,87927,74492.09149251085
2020-12-01,Xmin,89982,77122.21957717591
2021-03-01,Xmin,90669,78212.03239588451
2021-06-01,Xmin,86890,76651.84974185836
2021-09-01,Xmin,91563,79282.16789758447
2021-12-01,Xmin,88857,78723.56201664775
2022-03-01,Xmin,87842,79137.70467972777
2022-06-01,Xmin,89679,80905.74991895724
2022-09-01,Xmin,87619,80526.24321029717
2022-12-01,Xmin,90230,81170.43249413736
2023-03-01,Xmin,90361,81204.18911441094
2023-06-01,Xmin,91278,81614.48706600854
2023-09-01,Xmin,88595,81869.86724283612
2023-12-01,Xmin,87869,82646.7343606241
2024-03-01,Xmin,89757,83020.47732637149
2024-06-01,Xmin,89329,83033.9768379836
2024-09-01,Xmin,89529,83698.88017112139
2024-12-01,Xmin,88268,83745.027619064
2010-03-01,Xoth,18976,19388.777030716665
2010-06-01,Xoth,19034,19259.16796093258
2010-09-01,Xoth,19914,19184.429494157488
2010-12-01,Xoth,19552,19129.432494682613
2011-03-01,Xoth,18958,19112.371383871483
2011-06-01,Xoth,19187,18896.389711366628
2011-09-01,Xoth,19584,19000.835713119483
2011-12-01,Xoth,19522,19039.250141160093
2012-03-01,Xoth,19815,18844.34572721424
2012-06-01,Xoth,19871,18976.066934139886
2012-09-01,Xoth,19184,18891.1479040912
2012-12-01,Xoth,18874,18763.072412617374
2013-03-01,Xoth,18935,18681.999590633026
2013-06-01,Xoth,19482,18274.96368135976
2013-09-01,Xoth,19420,18618.941380572283
2013-12-01,Xoth,18903,18700.17828283766
2014-03-01,Xoth,18463,18546.461348894223
2014-06-01,Xoth,19027,18452.317036617256
2014-09-01,Xoth,18612,18575.435926044633
2014-12-01,Xoth,19312,18535.733644215154
2015-03-01,Xoth,18475,18487.1763658453
2015-06-01,Xoth,18805,18568.195949223686
2015-09-01,Xoth,19609,18531.81966499377
2015-12-01,Xoth,19596,18583.195884655222
2016-03-01,Xoth,20377,18636.985214513876
2016-06-01,Xoth,19843,18808.197547071344
2016-09-01,Xoth,19658,18814.737446935123
2016-12-01,Xoth,19519,18951.81741823549
2017-03-01,Xoth,18372,19018.457286774057
2017-06-01,Xoth,19771,19100.22933045784
2017-09-01,Xoth,19383,18985.187101338128
2017-12-01,Xoth,19190,19142.16700810696
2018-03-01,Xoth,19185,19161.86131747608
2018-06-01,Xoth,19188,19096.017517953973
2018-09-01,Xoth,19713,19235.646774734578
2018-12-01,Xoth,21145,19236.247333438132
2019-03-01,Xoth,20593,19217.911535561117
2019-06-01,Xoth,21531,19232.61482185417
2019-09-01,Xoth,20410,19276.02773106899
2019-12-01,Xoth,20901,19196.598172250375
2020-03-01,Xoth,20501,19079.24539678556
2020-06-01,Xoth,18251,18717.132070116997
2020-09-01,Xoth,18750,18991.41356400646
2020-12-01,Xoth,19385,18932.542624056037
2021-03-01,Xoth,18608,19105.123900326493
2021-06-01,Xoth,18857,19142.554179753657
2021-09-01,Xoth,18261,19275.844412953073
2021-12-01,Xoth,17366,19155.588829195465
2022-03-01,Xoth,18988,19315.689396676575
2022-06-01,Xoth,18891,19324.336529828914
2022-09-01,Xoth,18651,19241.523391326282
2022-12-01,Xoth,19599,19278.340041239564
2023-03-01,Xoth,18875,19219.983451698103
2023-06-01,Xoth,19370,19245.378702666992
2023-09-01,Xoth,19507,19285.102168740126
2023-12-01,Xoth,18962,19297.153553494023
2024-03-01,Xoth,19703,19307.560914300295
2024-06-01,Xoth,19739,19285.467059822106
2024-09-01,Xoth,20426,19362.924108337706
2024-12-01,Xoth,19312,19257.76113254925
2010-03-01,Xsvc,19048,19303.142105596697
2010-06-01,Xsvc,19220,18895.755709183526
2010-09-01,Xsvc,19386,18425.338047563673
2010-12-01,Xsvc,19133,17892.260947904353
2011-03-01,Xsvc,18465,17726.088965846484
2011-06-01,Xsvc,19050,17299.462385773102
2011-09-01,Xsvc,18623,17251.945057840916
2011-12-01,Xsvc,18430,17101.160102479134
2012-03-01,Xsvc,18235,16870.423443531283
2012-06-01,Xsvc,18544,17040.9482873831
2012-09-01,Xsvc,18228,16977.286358514175
2012-12-01,Xsvc,18494,16849.92891371599
2013-03-01,Xsvc,18648,16983.074763393794
2013-06-01,Xsvc,18802,16700.370682283425
2013-09-01,Xsvc,19280,17417.983023840257
2013-12-01,Xsvc,19595,17873.293917625597
2014-03-01,Xsvc,19647,18070.84592010205
2014-06-01,Xsvc,20226,18369.308766780607
2014-09-01,Xsvc,20634,19000.004158911746
2014-12-01,Xsvc,21438,19412.160370973932
2015-03-01,Xsvc,22057,19636.532225207266
2015-06-01,Xsvc,21790,20079.64462083134
2015-09-01,Xsvc,22355,20319.503659773865
2015-12-01,Xsvc,23026,20677.158634505347
2016-03-01,Xsvc,23056,21094.243268198516
2016-06-01,Xsvc,22851,21747.7285647854
2016-09-01,Xsvc,23817,22130.184520323684
2016-12-01,Xsvc,24155,22730.689467763154
2017-03-01,Xsvc,24657,23285.345225084307
2017-06-01,Xsvc,25891,23872.405477412696
2017-09-01,Xsvc,25350,24131.630266818065
2017-12-01,Xsvc,25272,24897.550544781498
2018-03-01,Xsvc,26356,25372.30494217314
2018-06-01,Xsvc,26966,25689.613005075047
2018-09-01,Xsvc,27264,26394.43013231166
2018-12-01,Xsvc,27843,26837.408195347925
2019-03-01,Xsvc,28221,27225.55000439981
2019-06-01,Xsvc,29174,27698.686423390394
2019-09-01,Xsvc,29798,28211.249066424483
2019-12-01,Xsvc,30331,28484.529580737
2020-03-01,Xsvc,26050,24511.722998322915
2020-06-01,Xsvc,19625,19911.562275534918
2020-09-01,Xsvc,17856,17733.445363366838
2020-12-01,Xsvc,18644,17293.557695466574
2021-03-01,Xsvc,17653,17238.049473746618
2021-06-01,Xsvc,17671,16869.574358618025
2021-09-01,Xsvc,16206,16432.631606451832
2021-12-01,Xsvc,15999,15453.843001937566
2022-03-01,Xsvc,17064,17394.29587151665
2022-06-01,Xsvc,19408,19041.007368913586
2022-09-01,Xsvc,21327,20540.615644112902
2022-12-01,Xsvc,24076,22208.183486547256
2023-03-01,Xsvc,26553,23714.895999209857
2023-06-01,Xsvc,29144,25398.92983874657
2023-09-01,Xsvc,31061,27178.347046806623
2023-12-01,Xsvc,30769,28988.09429950039
2024-03-01,Xsvc,30905,29628.36908204863
2024-06-01,Xsvc,31699,30036.375533295104
2024-09-01,Xsvc,31449,30489.843250447895
2024-12-01,Xsvc,31911,30340.201831803082
2010-03-01,Mtot,95901,96515.31977975518
2010-06-01,Mtot,99649,98316.77006649818
2010-09-01,Mtot,98195,99047.92356832448
2010-12-01,Mtot,103091,99751.68262124919
2011-03-01,Mtot,103780,100544.2653878349
2011-06-01,Mtot,107421,99858.2493927627
2011-09-01,Mtot,113186,100694.39659624349
2011-12-01,Mtot,113116,102858.63140433928
2012-03-01,Mtot,116731,102633.76211940755
2012-06-01,Mtot,116097,103930.56645066045
2012-09-01,Mtot,115955,104903.08928356977
2012-12-01,Mtot,117509,104489.27932610025
2013-03-01,Mtot,112403,104083.26603250111
2013-06-01,Mtot,116611,100838.60527760045
2013-09-01,Mtot,114172,102975.31987647309
2013-12-01,Mtot,112625,106908.78845016466
2014-03-01,Mtot,109742,107497.62975544675
2014-06-01,Mtot,112811,106734.42018502625
2014-09-01,Mtot,114057,108216.80661790363
2014-12-01,Mtot,112837,109641.2328810351
2015-03-01,Mtot,114381,110384.34080869169
2015-06-01,Mtot,115401,111885.22423053041
2015-09-01,Mtot,115222,112852.64819108094
2015-12-01,Mtot,114863,114208.38732012175
2016-03-01,Mtot,112640,116200.19772602874
2016-06-01,Mtot,114429,119102.98551972235
2016-09-01,Mtot,116856,121111.52160742269
2016-12-01,Mtot,118687,123687.64544086033
2017-03-01,Mtot,123639,126291.61445268383
2017-06-01,Mtot,123358,128832.59254371635
2017-09-01,Mtot,126328,129177.79939389168
2017-12-01,Mtot,127274,131115.00300935886
2018-03-01,Mtot,132053,133227.21796661985
2018-06-01,Mtot,132625,133798.65127111314
2018-09-01,Mtot,130100,135867.88239728942
2018-12-01,Mtot,130580,137976.2024141647
2019-03-01,Mtot,129972,139112.8021806442
2019-06-01,Mtot,130268,140948.03864732248
2019-09-01,Mtot,129876,142827.08979623264
2019-12-01,Mtot,129378,143511.9383876571
2020-03-01,Mtot,122132,144854.01630887963
2020-06-01,Mtot,105323,141884.5286101707
2020-09-01,Mtot,111786,146729.86787838594
2020-12-01,Mtot,117844,150696.48188728854
2021-03-01,Mtot,119873,154349.08958033103
2021-06-01,Mtot,122241,159348.09713506247
2021-09-01,Mtot,118093,163840.91731148062
2021-12-01,Mtot,120921,165975.0380041949
2022-03-01,Mtot,132015,168940.84047957283
2022-06-01,Mtot,135325,170162.76662734782
2022-09-01,Mtot,141335,169398.9116489255
2022-12-01,Mtot,137992,169835.06915071985
2023-03-01,Mtot,142665,169839.80233796968
2023-06-01,Mtot,145884,170518.54956079027
2023-09-01,Mtot,149689,172115.28547005443
2023-12-01,Mtot,145313,173238.9995203811
2024-03-01,Mtot,154169,174952.47070634048
2024-06-01,Mtot,154475,176808.22659038394
2024-09-01,Mtot,154811,179989.90675670013
2024-12-01,Mtot,154215,181655.54443092988
2010-03-01,Tpit,31396,32695.618828342216
2010-06-01,Tpit,31563,33554.541718985725
2010-09-01,Tpit,33128,34071.28224262106
2010-12-01,Tpit,35004,34314.77904627377
2011-03-01,Tpit,34920,34770.35930023166
2011-06-01,Tpit,34614,34808.97253045412
2011-09-01,Tpit,36437,35212.3128835296
2011-12-01,Tpit,37334,35798.87355085126
2012-03-01,Tpit,38883,35915.45518864613
2012-06-01,Tpit,39970,36316.54192662179
2012-09-01,Tpit,40524,36538.02788537776
2012-12-01,Tpit,40101,37059.66723013649
2013-03-01,Tpit,40343,36935.724677962724
2013-06-01,Tpit,41577,36248.45419423992
2013-09-01,Tpit,41504,36730.09856512324
2013-12-01,Tpit,42624,37432.05189192439
2014-03-01,Tpit,42744,38286.370887942365
2014-06-01,Tpit,42920,38511.110424708764
2014-09-01,Tpit,44327,39350.01811020717
2014-12-01,Tpit,45149,40142.40816512378
2015-03-01,Tpit,46324,40966.673271981876
2015-06-01,Tpit,46899,41759.390907913774
2015-09-01,Tpit,46876,42543.02337520878
2015-12-01,Tpit,47929,43408.034613906195
2016-03-01,Tpit,48407,44224.32403130289
2016-06-01,Tpit,48443,45433.13825769178
2016-09-01,Tpit,48614,46449.62430792819
2016-12-01,Tpit,48999,47674.314330944704
2017-03-01,Tpit,50931,48656.01446972303
2017-06-01,Tpit,50197,49866.23083452737
2017-09-01,Tpit,52139,50316.60034947912
2017-12-01,Tpit,51880,51228.37262390967
2018-03-01,Tpit,53472,51959.03120030847
2018-06-01,Tpit,54980,52550.7847409543
2018-09-01,Tpit,55723,53345.7167135965
2018-12-01,Tpit,56791,54141.894743958146
2019-03-01,Tpit,57789,54790.45623882147
2019-06-01,Tpit,59084,55438.91791373057
2019-09-01,Tpit,54501,56181.29872157326
2019-12-01,Tpit,58818,56681.363694371285
2020-03-01,Tpit,60329,56889.6182444293
2020-06-01,Tpit,57439,54766.95011861854
2020-09-01,Tpit,59268,57663.190376785125
2020-12-01,Tpit,59009,57180.54216890566
2021-03-01,Tpit,58874,59232.35495565498
2021-06-01,Tpit,60435,60133.13242922755
2021-09-01,Tpit,60948,63031.462430289735
2021-12-01,Tpit,64522,64457.30635327529
2022-03-01,Tpit,69419,66108.13933841333
2022-06-01,Tpit,70417,67269.51420834595
2022-09-01,Tpit,68925,67774.86211843857
2022-12-01,Tpit,75070,67854.68720394991
2023-03-01,Tpit,79152,67643.58215705634
2023-06-01,Tpit,81169,67465.69696241643
2023-09-01,Tpit,84248,67449.72845197968
2023-12-01,Tpit,84155,67256.57184160015
2024-03-01,Tpit,83911,67095.78419812821
2024-06-01,Tpit,87951,67153.99833359357
2024-09-01,Tpit,84302,67745.64097343331
2024-12-01,Tpit,85672,67775.66827896809
2010-03-01,Tcit,15224,15684.824468277699
2010-06-01,Tcit,16840,15368.207047528675
2010-09-01,Tcit,16472,15451.05015785492
2010-12-01,Tcit,17938,16128.488021408968
2011-03-01,Tcit,17945,17094.14325856933
2011-06-01,Tcit,18701,17155.186183751084
2011-09-01,Tcit,19816,17556.793489731463
2011-12-01,Tcit,19080,17479.462274002788
2012-03-01,Tcit,17939,17435.36714093468
2012-06-01,Tcit,18354,17717.951401837305
2012-09-01,Tcit,17607,17747.123062227984
2012-12-01,Tcit,16999,17616.991994001266
2013-03-01,Tcit,18455,17724.365132355597
2013-06-01,Tcit,18059,16753.322942921903
2013-09-01,Tcit,17990,18278.564485622694
2013-12-01,Tcit,18543,18528.548053859984
2014-03-01,Tcit,18698,18365.79269659217
2014-06-01,Tcit,18149,18574.45485543892
2014-09-01,Tcit,18683,18904.588259396554
2014-12-01,Tcit,18066,17926.534418439613
2015-03-01,Tcit,18631,16961.91650206852
2015-06-01,Tcit,19340,17776.153716380977
2015-09-01,Tcit,19276,17227.10711083236
2015-12-01,Tcit,18270,17145.81259142143
2016-03-01,Tcit,17811,16893.305887212875
2016-06-01,Tcit,18217,18469.89217248298
2016-09-01,Tcit,18421,18743.494743636904
2016-12-01,Tcit,22364,19672.969781953067
2017-03-01,Tcit,23007,20232.17402204415
2017-06-01,Tcit,21563,20293.86343125255
2017-09-01,Tcit,23615,20310.501009430587
2017-12-01,Tcit,24472,21669.316263110693
2018-03-01,Tcit,24377,22245.20765087467
2018-06-01,Tcit,23784,22729.60966717132
2018-09-01,Tcit,23579,23337.231435595982
2018-12-01,Tcit,22830,23045.427278391464
2019-03-01,Tcit,23171,22899.533739925442
2019-06-01,Tcit,25761,23504.976085529957
2019-09-01,Tcit,25535,23366.561657491435
2019-12-01,Tcit,24823,23589.382152942817
2020-03-01,Tcit,25828,22636.70226120684
2020-06-01,Tcit,25554,21188.821679661312
2020-09-01,Tcit,29364,23570.16629991441
2020-12-01,Tcit,32123,23041.21646885885
2021-03-01,Tcit,33296,26047.537056498437
2021-06-01,Tcit,36235,27111.78093768122
2021-09-01,Tcit,36316,28471.46484623902
2021-12-01,Tcit,31479,29048.673818762458
2022-03-01,Tcit,33266,31385.741225031867
2022-06-01,Tcit,40088,32578.55419387526
2022-09-01,Tcit,39158,32166.53470413672
2022-12-01,Tcit,42274,31297.362482399814
2023-03-01,Tcit,43728,30070.468485871654
2023-06-01,Tcit,42406,29994.2055247294
2023-09-01,Tcit,41232,31187.993985381738
2023-12-01,Tcit,40172,31544.804179874824
2024-03-01,Tcit,40308,31834.816396066544
2024-06-01,Tcit,37452,32716.7178536239
2024-09-01,Tcit,37369,33206.888537579354
2024-12-01,Tcit,38011,33067.537536430886
2010-03-01,Tgst,11509,11616.069884249
2010-06-01,Tgst,11726,11683.848568629792
2010-09-01,Tgst,11736,11767.762390212169
2010-12-01,Tgst,11686,11850.908804763743
2011-03-01,Tgst,11706,11979.113337749537
2011-06-01,Tgst,11786,12079.595180290475
2011-09-01,Tgst,11834,12259.64646509248
2011-12-01,Tgst,11872,12432.504882250845
2012-03-01,Tgst,11870,12525.868437951822
2012-06-01,Tgst,11955,12709.039430033654
2012-09-01,Tgst,12068,12811.747503041586
2012-12-01,Tgst,12118,12972.293114432749
2013-03-01,Tgst,12299,13048.753897860674
2013-06-01,Tgst,12551,13011.69561371611
2013-09-01,Tgst,12970,13299.431827021152
2013-12-01,Tgst,13268,13490.238556769918
2014-03-01,Tgst,13540,13625.018081265125
2014-06-01,Tgst,13640,13731.126936487752
2014-09-01,Tgst,13680,13887.798239324115
2014-12-01,Tgst,13791,14015.744386766672
2015-03-01,Tgst,13981,14150.627279907727
2015-06-01,Tgst,14102,14314.778772243917
2015-09-01,Tgst,14490,14418.113644729106
2015-12-01,Tgst,14764,14572.206976237345
2016-03-01,Tgst,14895,14716.202418684974
2016-06-01,Tgst,15025,14912.549003232636
2016-09-01,Tgst,15091,15045.225217546975
2016-12-01,Tgst,15234,15219.927086125737
2017-03-01,Tgst,15494,15355.442639638413
2017-06-01,Tgst,15694,15509.161526525872
2017-09-01,Tgst,15752,15589.931435470851
2017-12-01,Tgst,15998,15773.111626569806
2018-03-01,Tgst,16104,15919.620335684955
2018-06-01,Tgst,16208,16042.202299561483
2018-09-01,Tgst,16381,16241.811036809442
2018-12-01,Tgst,16350,16385.534146328297
2019-03-01,Tgst,16287,16543.362513462085
2019-06-01,Tgst,16121,16718.72880301535
2019-09-01,Tgst,16009,16873.99448684473
2019-12-01,Tgst,16240,17028.39541471806
2020-03-01,Tgst,16188,17241.137249061198
2020-06-01,Tgst,15602,17312.672564339904
2020-09-01,Tgst,17004,18316.124714975027
2020-12-01,Tgst,18323,18524.70925785012
2021-03-01,Tgst,18911,19145.160133098736
2021-06-01,Tgst,19091,19604.67737156579
2021-09-01,Tgst,17553,20019.675718941
2021-12-01,Tgst,18777,20498.09880729422
2022-03-01,Tgst,19229,20941.244184760057
2022-06-01,Tgst,20036,21212.38648998678
2022-09-01,Tgst,20847,21453.022881919456
2022-12-01,Tgst,21610,21694.290765206435
2023-03-01,Tgst,21876,21937.496825182105
2023-06-01,Tgst,21955,22211.12833880612
2023-09-01,Tgst,22151,22481.303734293284
2023-12-01,Tgst,22120,22680.96020772942
2024-03-01,Tgst,22229,22931.561064292746
2024-06-01,Tgst,22156,23181.014958505923
2024-09-01,Tgst,22234,23472.411437900388
2024-12-01,Tgst,22545,23641.63618816745
2010-03-01,Tprl,4865,4786.06947694924
2010-06-01,Tprl,4928,4850.314284641724
2010-09-01,Tprl,5139,4956.111395629452
2010-12-01,Tprl,5227,4987.638584202736
2011-03-01,Tprl,5211,5061.699991183057
2011-06-01,Tprl,5296,5095.636192686641
2011-09-01,Tprl,5452,5151.413285577595
2011-12-01,Tprl,5628,5186.9447578529325
2012-03-01,Tprl,5787,5224.6282872312995
2012-06-01,Tprl,5832,5270.65688506489
2012-09-01,Tprl,5734,5271.3218162551575
2012-12-01,Tprl,6012,5332.461596365549
2013-03-01,Tprl,5886,5307.923255328902
2013-06-01,Tprl,5967,5233.16284909562
2013-09-01,Tprl,5932,5210.624408736526
2013-12-01,Tprl,6035,5170.584435130803
2014-03-01,Tprl,6140,5226.386523119809
2014-06-01,Tprl,6149,5184.303763478359
2014-09-01,Tprl,6101,5194.885639151974
2014-12-01,Tprl,6102,5213.585050712153
2015-03-01,Tprl,6135,5261.136377656279
2015-06-01,Tprl,6155,5289.0645054688075
2015-09-01,Tprl,6256,5333.11775235386
2015-12-01,Tprl,6312,5396.830926629631
2016-03-01,Tprl,6396,5447.825125393911
2016-06-01,Tprl,6295,5545.01774547027
2016-09-01,Tprl,6362,5636.941921202744
2016-12-01,Tprl,6310,5762.716403300862
2017-03-01,Tprl,6396,5866.738119453289
2017-06-01,Tprl,6557,6012.389795386752
2017-09-01,Tprl,6674,6109.206737653292
2017-12-01,Tprl,6819,6243.459983933472
2018-03-01,Tprl,6778,6333.868127255244
2018-06-01,Tprl,7010,6455.313324659892
2018-09-01,Tprl,7089,6565.23258034568
2018-12-01,Tprl,7155,6664.4251445678865
2019-03-01,Tprl,7248,6788.973824613355
2019-06-01,Tprl,7271,6889.688973270252
2019-09-01,Tprl,7335,7004.601566455392
2019-12-01,Tprl,7462,7111.322537805597
2020-03-01,Tprl,7146,7199.507570435526
2020-06-01,Tprl,5432,7095.302071848137
2020-09-01,Tprl,6082,7282.679559629247
2020-12-01,Tprl,6440,6967.993315485064
2021-03-01,Tprl,7553,7597.143765603566
2021-06-01,Tprl,7626,7427.428243505774
2021-09-01,Tprl,7052,7684.724323146377
2021-12-01,Tprl,7757,7900.872188209449
2022-03-01,Tprl,8027,8131.838034310612
2022-06-01,Tprl,8535,8328.762685894048
2022-09-01,Tprl,8960,8559.408884452621
2022-12-01,Tprl,9238,8729.768744856266
2023-03-01,Tprl,9657,8887.733244554078
2023-06-01,Tprl,9885,9046.696391204243
2023-09-01,Tprl,10198,9193.570510779784
2023-12-01,Tprl,10550,9329.104533886988
2024-03-01,Tprl,10804,9468.829729936888
2024-06-01,Tprl,10845,9598.33393161505
2024-09-01,Tprl,11216,9779.597684922452
2024-12-01,Tprl,11371,9921.418848166219
2010-03-01,Ytsf,23994,24122.40932349297
2010-06-01,Ytsf,24454,23753.92869392507
2010-09-01,Ytsf,25063,24775.417387341917
2010-12-01,Ytsf,26601,24488.079212038592
2011-03-01,Ytsf,26518,24356.58977425765
2011-06-01,Ytsf,26330,24521.832521234952
2011-09-01,Ytsf,29637,25841.49834638407
2011-12-01,Ytsf,27475,25633.855546693114
2012-03-01,Ytsf,26003,25725.147926356774
2012-06-01,Ytsf,28404,25845.60880026914
2012-09-01,Ytsf,30606,27308.941014530083
2012-12-01,Ytsf,28438,27251.751806820623
2013-03-01,Ytsf,27993,27412.73566095756
2013-06-01,Ytsf,28410,28235.142429973497
2013-09-01,Ytsf,31832,29921.41153449494
2013-12-01,Ytsf,30378,29705.641361713293
2014-03-01,Ytsf,29589,29786.262349449767
2014-06-01,Ytsf,30523,30098.496992702847
2014-09-01,Ytsf,33653,31648.691614756593
2014-12-01,Ytsf,31487,31410.470052317276
2015-03-01,Ytsf,30282,31288.244441151714
2015-06-01,Ytsf,30369,31151.87768171204
2015-09-01,Ytsf,34535,32632.73077878636
2015-12-01,Ytsf,31452,32250.607731409313
2016-03-01,Ytsf,30531,31947.101057567106
2016-06-01,Ytsf,30919,31639.308672369305
2016-09-01,Ytsf,34259,32999.95695200387
2016-12-01,Ytsf,31528,32482.907064137115
2017-03-01,Ytsf,29486,32143.73562462999
2017-06-01,Ytsf,30115,31955.657995637313
2017-09-01,Ytsf,33632,33552.930887699375
2017-12-01,Ytsf,31618,33218.53150520275
2018-03-01,Ytsf,29798,33030.758859605034
2018-06-01,Ytsf,30071,33133.622740375606
2018-09-01,Ytsf,33570,34785.74963301471
2018-12-01,Ytsf,31737,34519.89942302005
2019-03-01,Ytsf,30232,34438.35934159267
2019-06-01,Ytsf,31100,34471.883481352386
2019-09-01,Ytsf,34336,36190.4345833465
2019-12-01,Ytsf,31994,35963.72000634546
2020-03-01,Ytsf,32167,35979.11481078193
2020-06-01,Ytsf,47480,51349.081333089416
2020-09-01,Ytsf,50415,48922.147353833294
2020-12-01,Ytsf,41444,38242.39704963005
2021-03-01,Ytsf,37147,35190.62868700155
2021-06-01,Ytsf,33354,32908.202434059516
2021-09-01,Ytsf,46539,45028.76667732936
2021-12-01,Ytsf,38222,36744.00512873377
2022-03-01,Ytsf,35106,34242.844924943245
2022-06-01,Ytsf,36536,34940.70256030895
2022-09-01,Ytsf,39903,37341.68761221391
2022-12-01,Ytsf,35431,37594.83747190921
2023-03-01,Ytsf,33898,37988.4510458617
2023-06-01,Ytsf,36163,38509.14078950015
2023-09-01,Ytsf,40191,40901.64164076785
2023-12-01,Ytsf,38983,41165.24301288521
2024-03-01,Ytsf,37434,41574.45937846899
2024-06-01,Ytsf,39262,42110.86078122909
2024-09-01,Ytsf,43012,44565.524165651725
2024-12-01,Ytsf,40808,44579.91729056044
2010-03-01,Lwge,15840,15712.185154551378
2010-06-01,Lwge,16234,16030.078749559594
2010-09-01,Lwge,16472,16152.926616283192
2010-12-01,Lwge,16706,16289.17243358814
2011-03-01,Lwge,16941,16406.504511200077
2011-06-01,Lwge,17176,16580.79639775125
2011-09-01,Lwge,17375,16616.242198774642
2011-12-01,Lwge,17508,16762.65144516753
2012-03-01,Lwge,17848,16963.956076021677
2012-06-01,Lwge,17838,16970.01671545866
2012-09-01,Lwge,17700,17160.98108629141
2012-12-01,Lwge,17849,17224.695907786452
2013-03-01,Lwge,17923,17412.11799540804
2013-06-01,Lwge,18007,17566.001237753117
2013-09-01,Lwge,18146,17316.932039358242
2013-12-01,Lwge,18412,17526.88691113238
2014-03-01,Lwge,18497,17697.767742633092
2014-06-01,Lwge,18598,17760.761139296315
2014-09-01,Lwge,18678,17743.596709757967
2014-12-01,Lwge,18757,17908.954190164633
2015-03-01,Lwge,18666,18005.796614230527
2015-06-01,Lwge,18784,18060.774699195754
2015-09-01,Lwge,18896,18201.404352521575
2015-12-01,Lwge,18872,18276.736089064423
2016-03-01,Lwge,18975,18387.69332191163
2016-06-01,Lwge,18953,18463.393986420524
2016-09-01,Lwge,19084,18646.748700692955
2016-12-01,Lwge,18971,18739.63018112114
2017-03-01,Lwge,19074,18914.51919802359
2017-06-01,Lwge,19178,19035.943478030327
2017-09-01,Lwge,19281,19258.864147442844
2017-12-01,Lwge,19383,19303.291490289845
2018-03-01,Lwge,19508,19505.918116487417
2018-06-01,Lwge,19571,19670.287411065052
2018-09-01,Lwge,19695,19754.66266542973
2018-12-01,Lwge,19825,19956.99663321126
2019-03-01,Lwge,19993,20117.817469400907
2019-06-01,Lwge,20201,20255.080360164917
2019-09-01,Lwge,20310,20430.425942972062
2019-12-01,Lwge,20491,20617.120688363662
2020-03-01,Lwge,20498,20784.669028002743
2020-06-01,Lwge,21329,21156.743144541906
2020-09-01,Lwge,21321,20545.517099413664
2020-12-01,Lwge,21311,21425.7034825571
2021-03-01,Lwge,21487,21194.2834395999
2021-06-01,Lwge,21646,21467.492132392494
2021-09-01,Lwge,21943,21674.44907797445
2021-12-01,Lwge,22329,21989.447596050988
2022-03-01,Lwge,22215,22208.19801988875
2022-06-01,Lwge,22536,22513.18454643666
2022-09-01,Lwge,22934,22793.10966559574
2022-12-01,Lwge,23108,23033.97081289186
2023-03-01,Lwge,23435,23296.372114023143
2023-06-01,Lwge,23615,23505.54922957905
2023-09-01,Lwge,24062,23746.32812329119
2023-12-01,Lwge,24257,24007.761867697904
2024-03-01,Lwge,24477,24223.646073231885
2024-06-01,Lwge,24639,24459.55099845602
2024-09-01,Lwge,24758,24689.91556341891
2024-12-01,Lwge,25130,25028.049250561184
2010-03-01,Lpar,0.652708,0.6531569127854193
2010-06-01,Lpar,0.651628,0.6547780631434977
2010-09-01,Lpar,0.654111,0.6547382606922508
2010-12-01,Lpar,0.656862,0.6546968354321112
2011-03-01,Lpar,0.656311,0.6545253969877183
2011-06-01,Lpar,0.653074,0.6542496745651063
2011-09-01,Lpar,0.65449,0.6536261187883973
2011-12-01,Lpar,0.652922,0.6537556800783088
2012-03-01,Lpar,0.652657,0.6537963682294172
2012-06-01,Lpar,0.651637,0.6529643380198177
2012-09-01,Lpar,0.651312,0.6530551154823011
2012-12-01,Lpar,0.650594,0.6524915596277462
2013-03-01,Lpar,0.652111,0.6522011342373011
2013-06-01,Lpar,0.650814,0.6507829562453816
2013-09-01,Lpar,0.648808,0.6481617812441183
2013-12-01,Lpar,0.646403,0.6486681797717563
2014-03-01,Lpar,0.646333,0.6487707285268238
2014-06-01,Lpar,0.646326,0.6481392844887726
2014-09-01,Lpar,0.646926,0.6476441127268571
2014-12-01,Lpar,0.646059,0.64783675124871
2015-03-01,Lpar,0.648434,0.6478043767086342
2015-06-01,Lpar,0.648126,0.6478114900884141
2015-09-01,Lpar,0.649889,0.6481745151372289
2015-12-01,Lpar,0.651735,0.6481541197548742
2016-03-01,Lpar,0.650715,0.6484370099587191
2016-06-01,Lpar,0.648702,0.648831224777317
2016-09-01,Lpar,0.646575,0.6496423787517777
2016-12-01,Lpar,0.645826,0.650145405598534
2017-03-01,Lpar,0.646085,0.6509145119884381
2017-06-01,Lpar,0.648426,0.6514643677893449
2017-09-01,Lpar,0.651535,0.6520368839377834
2017-12-01,Lpar,0.65356,0.6519327836520337
2018-03-01,Lpar,0.654609,0.65246024816292
2018-06-01,Lpar,0.653505,0.6526445883584573
2018-09-01,Lpar,0.65384,0.6525575406742573
2018-12-01,Lpar,0.654362,0.6530746225374437
2019-03-01,Lpar,0.655638,0.6531953675564764
2019-06-01,Lpar,0.657779,0.6532803160368206
2019-09-01,Lpar,0.659533,0.6535651055768006
2019-12-01,Lpar,0.656882,0.6537110173198717
2020-03-01,Lpar,0.656401,0.653646981217136
2020-06-01,Lpar,0.630689,0.6279289742069729
2020-09-01,Lpar,0.645676,0.6435409559133589
2020-12-01,Lpar,0.655935,0.6581841030756558
2021-03-01,Lpar,0.657915,0.6548421269356604
2021-06-01,Lpar,0.657996,0.6545850706976021
2021-09-01,Lpar,0.650655,0.6554157001362875
2021-12-01,Lpar,0.653976,0.6558774398504935
2022-03-01,Lpar,0.661077,0.6567091717326055
2022-06-01,Lpar,0.663506,0.6573241655302837
2022-09-01,Lpar,0.664339,0.6576976352475281
2022-12-01,Lpar,0.665023,0.657716914737503
2023-03-01,Lpar,0.665194,0.6577124885839472
2023-06-01,Lpar,0.666657,0.6574222696043358
2023-09-01,Lpar,0.666233,0.6573138194212005
2023-12-01,Lpar,0.668105,0.6572248811071285
2024-03-01,Lpar,0.665831,0.6569478025517275
2024-06-01,Lpar,0.667638,0.6568185361638741
2024-09-01,Lpar,0.670805,0.656827555685977
2024-12-01,Lpar,0.670117,0.6571084853596376
2010-03-01,Lemp,10927.889246,11026.947329882058
2010-06-01,Lemp,10956.383646,11070.54365238212
2010-09-01,Lemp,11055.744381,11096.387694923058
2010-12-01,Lemp,11145.604135,11123.001160595844
2011-03-01,Lemp,11197.831825,11167.112344365596
2011-06-01,Lemp,11186.946063,11152.190010816177
2011-09-01,Lemp,11224.780849,11203.104221164547
2011-12-01,Lemp,11244.582715,11268.00726689525
2012-03-01,Lemp,11304.706165,11256.89666857709
2012-06-01,Lemp,11341.532811,11322.559094847213
2012-09-01,Lemp,11366.439767,11338.325368589989
2012-12-01,Lemp,11390.926973,11381.507194554468
2013-03-01,Lemp,11457.999134,11355.91932431893
2013-06-01,Lemp,11465.017868,11203.263603757994
2013-09-01,Lemp,11463.712352,11310.520682535947
2013-12-01,Lemp,11446.283625,11388.109905627982
2014-03-01,Lemp,11488.211247,11392.589326803132
2014-06-01,Lemp,11526.459308,11382.889857440769
2014-09-01,Lemp,11547.101291,11467.378680246191
2014-12-01,Lemp,11561.062757,11508.3595244483
2015-03-01,Lemp,11658.623867,11545.621580177052
2015-06-01,Lemp,11717.694807,11615.557362116893
2015-09-01,Lemp,11769.74154,11655.856468000977
2015-12-01,Lemp,11887.446556,11710.905140112312
2016-03-01,Lemp,11926.963195,11781.787270915018
2016-06-01,Lemp,11950.907038,11889.978612765006
2016-09-01,Lemp,11964.826742,11960.945568504263
2016-12-01,Lemp,11988.801731,12058.660435352336
2017-03-01,Lemp,12043.410558,12145.018345968365
2017-06-01,Lemp,12164.858767,12240.117589548408
2017-09-01,Lemp,12278.939818,12257.85701726848
2017-12-01,Lemp,12364.052443,12338.5249909493
2018-03-01,Lemp,12433.919949,12407.194725525502
2018-06-01,Lemp,12478.009327,12439.6305552573
2018-09-01,Lemp,12570.276526,12526.201594359887
2018-12-01,Lemp,12646.703814,12585.552780459766
2019-03-01,Lemp,12729.579042,12639.813630798708
2019-06-01,Lemp,12793.659652,12703.28042927148
2019-09-01,Lemp,12874.640957,12768.333247512286
2019-12-01,Lemp,12884.316473,12810.397550896512
2020-03-01,Lemp,12929.135971,12841.848979307531
2020-06-01,Lemp,12225.515873,12097.116992251404
2020-09-01,Lemp,12496.494381,12769.44240418764
2020-12-01,Lemp,12733.051407,12877.805305926675
2021-03-01,Lemp,12895.861091,12917.345949208457
2021-06-01,Lemp,13014.420581,12992.811700906881
2021-09-01,Lemp,12955.356707,13097.248982580151
2021-12-01,Lemp,13050.07785,13152.724893021394
2022-03-01,Lemp,13349.002641,13278.022277166721
2022-06-01,Lemp,13506.008714,13368.92385856228
2022-09-01,Lemp,13644.972892,13442.350314462394
2022-12-01,Lemp,13758.089693,13525.037716552437
2023-03-01,Lemp,13856.299855,13606.03198284431
2023-06-01,Lemp,13991.100267,13691.294149221652
2023-09-01,Lemp,14075.518732,13784.016701144614
2023-12-01,Lemp,14166.989552,13846.454374599525
2024-03-01,Lemp,14208.53199,13924.678239775523
2024-06-01,Lemp,14294.694591,13991.280703415872
2024-09-01,Lemp,14411.248641,14085.057348376591
2024-12-01,Lemp,14473.697393,14127.92263197385
2010-03-01,Lhrs,3608440.3090694104,3650917.464578985
2010-06-01,Lhrs,3658978.6070532603,3666242.9471841017
2010-09-01,Lhrs,3666662.5193623304,3671951.757424417
2010-12-01,Lhrs,3692207.92088108,3674871.7560619754
2011-03-01,Lhrs,3730998.18710405,3681338.0515405126
2011-06-01,Lhrs,3698027.3000509697,3668576.5022941544
2011-09-01,Lhrs,3710781.78530736,3676359.559342339
2011-12-01,Lhrs,3736406.3436339204,3686311.175152467
2012-03-01,Lhrs,3750258.49353521,3675391.5577941732
2012-06-01,Lhrs,3745967.2030433994,3686548.169017824
2012-09-01,Lhrs,3731436.22749173,3686365.7907700557
2012-12-01,Lhrs,3742380.0213704202,3678083.2492662626
2013-03-01,Lhrs,3740110.11867282,3664762.22782967
2013-06-01,Lhrs,3759757.2664545607,3612677.717768228
2013-09-01,Lhrs,3765092.67609092,3628798.584277701
2013-12-01,Lhrs,3740688.47338993,3647601.0053432263
2014-03-01,Lhrs,3729435.34689674,3649045.187696856
2014-06-01,Lhrs,3747729.5024074405,3648633.3389491537
2014-09-01,Lhrs,3746111.5444291304,3669660.65859296
2014-12-01,Lhrs,3729178.2541700695,3679027.8925646637
2015-03-01,Lhrs,3769445.8302280097,3681143.5255368417
2015-06-01,Lhrs,3776449.3156029796,3696884.7513713934
2015-09-01,Lhrs,3792323.9563556295,3702379.501696746
2015-12-01,Lhrs,3811970.04626193,3712082.747544206
2016-03-01,Lhrs,3818436.59939727,3721910.0418231785
2016-06-01,Lhrs,3797466.6978690596,3750320.4142932426
2016-09-01,Lhrs,3802030.1646598903,3767676.3700273354
2016-12-01,Lhrs,3808358.0825545797,3794097.093031311
2017-03-01,Lhrs,3859219.45742538,3816561.6351010813
2017-06-01,Lhrs,3892726.6847523805,3838631.7963119405
2017-09-01,Lhrs,3916989.3023147103,3838085.8384175673
2017-12-01,Lhrs,3942559.5044592,3857477.76517702
2018-03-01,Lhrs,3933744.1349886702,3870896.9824405406
2018-06-01,Lhrs,3959056.46653286,3874642.8980161673
2018-09-01,Lhrs,3975926.6404686,3893375.5352751776
2018-12-01,Lhrs,3977118.3641980398,3903740.226773791
2019-03-01,Lhrs,4027957.4494920503,3909131.711514447
2019-06-01,Lhrs,4003494.8431251096,3917777.887518829
2019-09-01,Lhrs,4025570.13031229,3926709.066783773
2019-12-01,Lhrs,4021082.8859484605,3926586.242984756
2020-03-01,Lhrs,3959148.6038356395,3913788.53874976
2020-06-01,Lhrs,3534575.2095129103,3592509.5479692514
2020-09-01,Lhrs,3735650.0848369203,3878061.263989247
2020-12-01,Lhrs,3862604.3381610396,3860386.4567581834
2021-03-01,Lhrs,3903032.6971599497,3885729.6245048805
2021-06-01,Lhrs,3982857.07224074,3908274.6490927674
2021-09-01,Lhrs,3826667.81398187,3943515.868352861
2021-12-01,Lhrs,3941618.37626276,3958724.1689279955
2022-03-01,Lhrs,3949614.9386649802,3994501.4177341573
2022-06-01,Lhrs,4112836.9024382597,4024146.557536591
2022-09-01,Lhrs,4178301.6683075903,4039075.998829372
2022-12-01,Lhrs,4259337.8470442705,4053663.4427391835
2023-03-01,Lhrs,4276750.5821587,4057930.2908811616
2023-06-01,Lhrs,4350250.354351071,4065592.6756580006
2023-09-01,Lhrs,4289757.954035031,4078441.6594262263
2023-12-01,Lhrs,4254757.59985099,4088985.5096455566
2024-03-01,Lhrs,4235451.84664443,4100023.8369334084
2024-06-01,Lhrs,4269385.52944031,4109262.5857149665
2024-09-01,Lhrs,4300027.558529809,4126355.1112200357
2024-12-01,Lhrs,4306312.33978788,4126398.477198335
2010-03-01,LavhMkt,431.070523579906,435.22291322532453
2010-06-01,LavhMkt,435.094255662445,434.5933751419499
2010-09-01,LavhMkt,432.21787687166,434.28262894018553
2010-12-01,LavhMkt,431.536007042142,433.82228749433256
2011-03-01,LavhMkt,436.706795729448,433.6561319108483
2011-06-01,LavhMkt,433.012115633482,431.7994241790588
2011-09-01,LavhMkt,434.074518135492,432.1055480661041
2011-12-01,LavhMkt,433.797420966275,432.23497773023996
2012-03-01,LavhMkt,433.520633113249,430.02820105215835
2012-06-01,LavhMkt,431.123352515792,430.4089860936519
2012-09-01,LavhMkt,431.518254715855,429.1801415515089
2012-12-01,LavhMkt,429.612909286592,428.9526324788257
2013-03-01,LavhMkt,429.873950403532,426.99439165701904
2013-06-01,LavhMkt,432.492830113501,423.83215889749283
2013-09-01,LavhMkt,434.302233630236,425.04580982522344
2013-12-01,LavhMkt,430.701997733355,425.2062927271737
2014-03-01,LavhMkt,425.686776565708,424.0580284590879
2014-06-01,LavhMkt,428.995523774327,423.0989516845434
2014-09-01,LavhMkt,429.610165888896,423.5587195042499
2014-12-01,LavhMkt,428.471421923974,423.16713147473064
2015-03-01,LavhMkt,428.454319230363,422.6422054476062
2015-06-01,LavhMkt,427.115964237737,422.74254589937357
2015-09-01,LavhMkt,426.675603763119,422.280179860544
2015-12-01,LavhMkt,425.685165678709,422.16856134535004
2016-03-01,LavhMkt,426.771286642019,422.032668369364
2016-06-01,LavhMkt,423.902604348841,422.6716017656449
2016-09-01,LavhMkt,426.129232613257,422.44428548528015
2016-12-01,LavhMkt,427.208412539975,422.93518084179294
2017-03-01,LavhMkt,429.797772521391,422.85404631387524
2017-06-01,LavhMkt,427.991973610115,423.30654674237576
2017-09-01,LavhMkt,425.974385291865,421.9894184666104
2017-12-01,LavhMkt,425.901144199638,422.5837497954219
2018-03-01,LavhMkt,424.474456904088,422.2712102851085
2018-06-01,LavhMkt,426.105908010137,421.3834225926083
2018-09-01,LavhMkt,424.220979232546,421.8952675582811
2018-12-01,LavhMkt,422.525527802752,421.588461614916
2019-03-01,LavhMkt,424.451044579025,421.0839451447127
2019-06-01,LavhMkt,421.871262856599,421.1125667924291
2019-09-01,LavhMkt,422.426191460136,420.9864075073942
2019-12-01,LavhMkt,423.586863084331,420.34398198772635
2020-03-01,LavhMkt,428.888719509023,419.4171659293469
2020-06-01,LavhMkt,401.061611615078,414.25704513049953
2020-09-01,LavhMkt,407.28009266128,421.3838079561403
2020-12-01,LavhMkt,414.794405033845,416.57072957007097
2021-03-01,LavhMkt,413.164693457428,418.29573522172996
2021-06-01,LavhMkt,420.428514082468,419.6673971101212
2021-09-01,LavhMkt,405.497461444457,421.73712428390513
2021-12-01,LavhMkt,411.66760184588,421.9235762320488
2022-03-01,LavhMkt,403.425761961535,423.1982670583688
2022-06-01,LavhMkt,416.658985111529,423.199314719381
2022-09-01,LavhMkt,418.089309490016,422.08433894157247
2022-12-01,LavhMkt,424.43550546797,421.2819426061916
2023-03-01,LavhMkt,420.112229843532,419.77857805269156
2023-06-01,LavhMkt,427.660973370818,419.13677674552804
2023-09-01,LavhMkt,421.850064474696,418.6325684213386
2023-12-01,LavhMkt,416.629950798755,417.54255159299
2024-03-01,LavhMkt,411.470061689669,417.02367192194345
2024-06-01,LavhMkt,417.235073299569,416.8035591318709
2024-09-01,LavhMkt,416.270912872074,417.5777020055158
2024-12-01,LavhMkt,417.054721242363,416.44127654971436
2010-03-01,Lur,0.05328999531482091,0.04536492018700275
2010-06-01,Lur,0.052908974489718895,0.04764458702812355
2010-09-01,Lur,0.05124753104041843,0.04867199154900467
2010-12-01,Lur,0.05090193851726024,0.04969426358901537
2011-03-01,Lur,0.04967220217186414,0.0496938128340787
2011-06-01,Lur,0.04963145475173625,0.05428659714144019
2011-09-01,Lur,0.05194961436602323,0.05252983845910513
2011-12-01,Lur,0.052052613950127766,0.051289219104424424
2012-03-01,Lur,0.05140936062514698,0.057067253020920916
2012-06-01,Lur,0.05119402261033901,0.05470680913821066
2012-09-01,Lur,0.05276324597704588,0.057628281200892834
2012-12-01,Lur,0.053666846422850044,0.057199262996974545
2013-03-01,Lur,0.0547472329036027,0.06329799810435971
2013-06-01,Lur,0.056311970694767885,0.0778130335056925
2013-09-01,Lur,0.05728635645903208,0.06895667163301679
2013-12-01,Lur,0.058401197823906924,0.06645810161626337
2014-03-01,Lur,0.058993540951730886,0.0703323559753474
2014-06-01,Lur,0.059275776086366125,0.07359216006721551
2014-09-01,Lur,0.06169709596573338,0.06920846600280567
2014-12-01,Lur,0.06253428392184945,0.06936869228597693
2015-03-01,Lur,0.06202431736771724,0.07021291781986216
2015-06-01,Lur,0.06016798005475262,0.06790772523752288
2015-09-01,Lur,0.06178663658692716,0.06840721638544103
2015-12-01,Lur,0.05834828209017643,0.06720770756383407
2016-03-01,Lur,0.05796348724335934,0.0661608881767438
2016-06-01,Lur,0.0568709502282777,0.061866114934222366
2016-09-01,Lur,0.05657799852885886,0.061337077881008104
2016-12-01,Lur,0.05734279632290198,0.05814920522276684
2017-03-01,Lur,0.058074379108148465,0.05717519401905331
2017-06-01,Lur,0.05592530598870553,0.05451502673064258
2017-09-01,Lur,0.05532785461865998,0.05767572922593292
2017-12-01,Lur,0.05492616773991803,0.05452339138539455
2018-03-01,Lur,0.05544922482740309,0.05437541446140013
2018-06-01,Lur,0.05439961864812428,0.05606522037226134
2018-09-01,Lur,0.05185955435650672,0.05332716695048263
2018-12-01,Lur,0.05043991068990714,0.053168572113259496
2019-03-01,Lur,0.05043077544103454,0.05360098117879511
2019-06-01,Lur,0.05223829761429412,0.052453172192186454
2019-09-01,Lur,0.052542623865994134,0.051785834684755665
2019-12-01,Lur,0.05172667847725719,0.052593600845759175
2020-03-01,Lur,0.051860208002241615,0.05429343605074709
2020-06-01,Lur,0.06902819349287731,0.07475670189682988
2020-09-01,Lur,0.0705323842145587,0.04707997618794303
2020-12-01,Lur,0.06775088831212034,0.06037458663823186
2021-03-01,Lur,0.05931274989658184,0.05332396863038664
2021-06-01,Lur,0.05196704108697719,0.04860930310916068
2021-09-01,Lur,0.04668526343266351,0.04324454885903053
2021-12-01,Lur,0.04690891349681455,0.04219707192582201
2022-03-01,Lur,0.040591999056974776,0.039346262246082425
2022-06-01,Lur,0.03795880467584877,0.038767711354250424
2022-09-01,Lur,0.03526842234548126,0.03999721247916766
2022-12-01,Lur,0.03494571506855353,0.04075454901492205
2023-03-01,Lur,0.03620922409287857,0.04285173550413949
2023-06-01,Lur,0.03599618605341515,0.04340211230000139
2023-09-01,Lur,0.036538645605188096,0.04368920639303186
2023-12-01,Lur,0.039009383037343054,0.04520336964287676
2024-03-01,Lur,0.039083783438332555,0.04554681916056837
2024-06-01,Lur,0.04034705513073764,0.0452439086600804
2024-09-01,Lur,0.0411696778876828,0.04293001799248528
2024-12-01,Lur,0.04010431721369994,0.044487398795012366
2010-03-01,Pcpi,95.2,95.20855411870325
2010-06-01,Pcpi,95.8,95.67345265970283
2010-09-01,Pcpi,96.4,96.19835655230172
2010-12-01,Pcpi,97,96.71833449475385
2011-03-01,Pcpi,98.4,97.28730074059061
2011-06-01,Pcpi,99.3,97.75131853036306
2011-09-01,Pcpi,99.7,98.35883134907057
2011-12-01,Pcpi,99.9,98.96557760640775
2012-03-01,Pcpi,99.9,99.4401136735005
2012-06-01,Pcpi,100.5,100.06819769403296
2012-09-01,Pcpi,101.6,100.57535102301489
2012-12-01,Pcpi,102,101.17228468531027
2013-03-01,Pcpi,102.4,101.60667182817521
2013-06-01,Pcpi,102.9,101.85228845363879
2013-09-01,Pcpi,103.9,102.4079482765481
2013-12-01,Pcpi,104.7,102.83541747659635
2014-03-01,Pcpi,105.4,103.22717999182986
2014-06-01,Pcpi,106.1,103.62236597654719
2014-09-01,Pcpi,106.3,104.14584476163027
2014-12-01,Pcpi,106.5,104.59511568776024
2015-03-01,Pcpi,106.8,105.0763938308528
2015-06-01,Pcpi,107.7,105.61487511087996
2015-09-01,Pcpi,107.8,106.11297570863563
2015-12-01,Pcpi,108.3,106.63883485676624
2016-03-01,Pcpi,108.2,107.17939322493083
2016-06-01,Pcpi,108.8,107.80279280344729
2016-09-01,Pcpi,109.3,108.39163156345873
2016-12-01,Pcpi,109.8,109.0579751063411
2017-03-01,Pcpi,110.5,109.72808387142342
2017-06-01,Pcpi,110.9,110.45798574132532
2017-09-01,Pcpi,111.3,111.06400750811783
2017-12-01,Pcpi,112.1,111.80208999930855
2018-03-01,Pcpi,112.7,112.50585001229595
2018-06-01,Pcpi,113.2,113.17116195104346
2018-09-01,Pcpi,113.5,113.96924321629069
2018-12-01,Pcpi,114,114.70001887921062
2019-03-01,Pcpi,114.1,115.46847491031886
2019-06-01,Pcpi,114.9,116.27903995611184
2019-09-01,Pcpi,115.4,117.10658161150342
2019-12-01,Pcpi,116.1,117.91169608182587
2020-03-01,Pcpi,116.7,118.71705114134718
2020-06-01,Pcpi,114.5,116.72046811552205
2020-09-01,Pcpi,116.2,118.20124499628153
2020-12-01,Pcpi,117.2,118.53679389530436
2021-03-01,Pcpi,117.8,119.44230171624548
2021-06-01,Pcpi,118.8,120.28627744987824
2021-09-01,Pcpi,119.7,121.29650230464247
2021-12-01,Pcpi,121.4,122.29483731464137
2022-03-01,Pcpi,123.9,123.54788432539263
2022-06-01,Pcpi,126.1,124.82301664787748
2022-09-01,Pcpi,128.4,126.153053501395
2022-12-01,Pcpi,131,127.51958399568495
2023-03-01,Pcpi,132.7,128.91659809839302
2023-06-01,Pcpi,133.8,130.35047344066777
2023-09-01,Pcpi,135.2,131.7984600163461
2023-12-01,Pcpi,136.3,133.16683149166565
2024-03-01,Pcpi,137.5,134.58775466458147
2024-06-01,Pcpi,138.9,135.97107335039226
2024-09-01,Pcpi,139.1,137.46252160994297
2024-12-01,Pcpi,139.6,138.77669633061205
2010-03-01,Ppcd,0.72978082991234,0.7295953401251652
2010-06-01,Ppcd,0.7333280797494041,0.7326903838125081
2010-09-01,Ppcd,0.7336844363820781,0.7361531112361317
2010-12-01,Ppcd,0.7346363218993901,0.7395228747338838
2011-03-01,Ppcd,0.7426974824724238,0.743203634058771
2011-06-01,Ppcd,0.7479351122354124,0.7460821858471449
2011-09-01,Ppcd,0.75159990160274,0.7499744892523218
2011-12-01,Ppcd,0.7536334005313036,0.7538392500468452
2012-03-01,Ppcd,0.7568357344422991,0.7567252650562084
2012-06-01,Ppcd,0.7637422360248447,0.7607106253435276
2012-09-01,Ppcd,0.7700357550960227,0.7638094365937296
2012-12-01,Ppcd,0.7736596453673769,0.7675501378158445
2013-03-01,Ppcd,0.7769126162484646,0.7701089276146674
2013-06-01,Ppcd,0.7801159356885049,0.7712947935216727
2013-09-01,Ppcd,0.7859267531923045,0.7747131667662142
2013-12-01,Ppcd,0.7900773933098503,0.7772062597024034
2014-03-01,Ppcd,0.7939177370183418,0.7794399160210371
2014-06-01,Ppcd,0.7964501752166218,0.7816966252055454
2014-09-01,Ppcd,0.7967340815528784,0.7848768424520556
2014-12-01,Ppcd,0.7993371318176727,0.787526270655995
2015-03-01,Ppcd,0.8020326691421299,0.7904071930203128
2015-06-01,Ppcd,0.8060229525010741,0.7937013637728673
2015-09-01,Ppcd,0.8079300115365599,0.7967095026223063
2015-12-01,Ppcd,0.810157979610244,0.7999190499129977
2016-03-01,Ppcd,0.8082982659429571,0.8032367683433912
2016-06-01,Ppcd,0.8104579570972897,0.8071502228312101
2016-09-01,Ppcd,0.8127720605729566,0.8108211165263209
2016-12-01,Ppcd,0.8147927517180558,0.8150485497109552
2017-03-01,Ppcd,0.8173231631011263,0.819307126499521
2017-06-01,Ppcd,0.8210017973888483,0.8239955324945238
2017-09-01,Ppcd,0.8217873570169961,0.8278056354563632
2017-12-01,Ppcd,0.8262343380710331,0.8325557197690849
2018-03-01,Ppcd,0.8300256318722844,0.8370647099894338
2018-06-01,Ppcd,0.832864782667033,0.8413016913871241
2018-09-01,Ppcd,0.8372687924418771,0.8464806760246176
2018-12-01,Ppcd,0.8414388562448104,0.8511846512293637
2019-03-01,Ppcd,0.8432044482626352,0.8561553082697158
2019-06-01,Ppcd,0.8487988799448821,0.861424115454898
2019-09-01,Ppcd,0.8519951127176961,0.8668133672571683
2019-12-01,Ppcd,0.8559790496623967,0.8720440318648168
2020-03-01,Ppcd,0.8591080456241666,0.8772749350209458
2020-06-01,Ppcd,0.8573789656145443,0.8768729733922715
2020-09-01,Ppcd,0.859858250714366,0.8852873641771598
2020-12-01,Ppcd,0.8648156829042801,0.8857054001344942
2021-03-01,Ppcd,0.8696228407125368,0.8903396834472611
2021-06-01,Ppcd,0.878226426361563,0.8946779389443343
2021-09-01,Ppcd,0.879852402951941,0.9003198978852686
2021-12-01,Ppcd,0.8883506697644709,0.905989056326612
2022-03-01,Ppcd,0.8989892197705801,0.913556439224031
2022-06-01,Ppcd,0.9154382219236905,0.9213693172331587
2022-09-01,Ppcd,0.9346278797228939,0.9296479790738592
2022-12-01,Ppcd,0.9517438170020688,0.9382534135291194
2023-03-01,Ppcd,0.9596767134479036,0.9471347825817378
2023-06-01,Ppcd,0.9718883552828451,0.9563290363681094
2023-09-01,Ppcd,0.9861364019803478,0.965669961306643
2023-12-01,Ppcd,0.9955338450802512,0.9744955799983976
2024-03-01,Ppcd,1.0042758887864167,0.9837222662445236
2024-06-01,Ppcd,1.014772710795331,0.992716528376917
2024-09-01,Ppcd,1.0229760852875993,1.0024889427626886
2024-12-01,Ppcd,1.031416973744818,1.011049749836874
2010-03-01,PhouseSa,428.48542073092,423.4766982488066
2010-06-01,PhouseSa,433.755679055044,417.9437552466257
2010-09-01,PhouseSa,433.580751969065,410.56187332027895
2010-12-01,PhouseSa,435.352743086905,405.65620392314474
2011-03-01,PhouseSa,433.007418846976,405.03879176286836
2011-06-01,PhouseSa,427.965302772117,407.80564875572674
2011-09-01,PhouseSa,425.429880092287,416.51448960274973
2011-12-01,PhouseSa,410.97419489686,424.40317268432
2012-03-01,PhouseSa,430.883659145652,431.43426798064667
2012-06-01,PhouseSa,426.479256470838,442.0928798792387
2012-09-01,PhouseSa,426.55331498269,447.95057262504173
2012-12-01,PhouseSa,437.337502284358,455.2669295508565
2013-03-01,PhouseSa,445.948891628989,459.0793651018475
2013-06-01,PhouseSa,445.324705659573,465.0503549945474
2013-09-01,PhouseSa,462.069545750731,479.07710431162087
2013-12-01,PhouseSa,474.82337342075,480.64649414602053
2014-03-01,PhouseSa,472.132093950805,480.37209412683154
2014-06-01,PhouseSa,477.335076415242,481.432247115074
2014-09-01,PhouseSa,481.304565659874,484.3718112410239
2014-12-01,PhouseSa,497.791426074086,483.3828287655072
2015-03-01,PhouseSa,500.237911553424,484.46053637028064
2015-06-01,PhouseSa,512.288781386836,487.12711800477933
2015-09-01,PhouseSa,529.039802274224,489.19652250690547
2015-12-01,PhouseSa,519.778002764792,493.5994384590238
2016-03-01,PhouseSa,512.249491356151,498.15992616270825
2016-06-01,PhouseSa,520.282577419577,503.71550697219004
2016-09-01,PhouseSa,529.097998235457,507.0670572739666
2016-12-01,PhouseSa,544.390284763114,512.5225157774539
2017-03-01,PhouseSa,546.064361785607,516.7374058409839
2017-06-01,PhouseSa,571.66110106944,522.7330964119078
2017-09-01,PhouseSa,558.719262029345,527.5238407806419
2017-12-01,PhouseSa,563.353625084997,537.3766541979021
2018-03-01,PhouseSa,561.003959614989,544.3494846470788
2018-06-01,PhouseSa,560.365614069055,552.5270735932055
2018-09-01,PhouseSa,554.340829330726,562.5702606231357
2018-12-01,PhouseSa,539.128727977404,569.3537580699347
2019-03-01,PhouseSa,538.892331377261,576.6591843652509
2019-06-01,PhouseSa,544.56635084737,584.1862886518672
2019-09-01,PhouseSa,560.067185549868,590.6681159679697
2019-12-01,PhouseSa,577.517351265503,596.9511079509318
2020-03-01,PhouseSa,570.476039710953,604.3590980326982
2020-06-01,PhouseSa,560.077853611398,598.6365613512698
2020-09-01,PhouseSa,568.324763225139,631.327012906518
2020-12-01,PhouseSa,588.384657034039,623.1597310040612
2021-03-01,PhouseSa,623.652589044694,641.4124002067808
2021-06-01,PhouseSa,655.703125052513,643.0174135632471
2021-09-01,PhouseSa,670.044993562067,638.8162593826797
2021-12-01,PhouseSa,712.29474396682,630.2802273888864
2022-03-01,PhouseSa,704.890760336131,628.2768214486944
2022-06-01,PhouseSa,704.804646753453,629.66186337654
2022-09-01,PhouseSa,694.071922092797,638.3764781439257
2022-12-01,PhouseSa,689.453432411221,653.6327678452468
2023-03-01,PhouseSa,694.930728413248,673.0188540401053
2023-06-01,PhouseSa,717.663049850781,695.9736896922346
2023-09-01,PhouseSa,735.925080483607,718.3470443689055
2023-12-01,PhouseSa,738.282459489627,738.2891507405852
2024-03-01,PhouseSa,760.071587993304,757.0366237139718
2024-06-01,PhouseSa,773.686456380704,772.2955036422198
2024-09-01,PhouseSa,779.566214974644,785.215860903216
2024-12-01,PhouseSa,785.013246716105,792.7514130434308
2010-03-01,R90d,0.0423,0.06660118090860809
2010-06-01,R90d,0.047458,0.07092110297508719
2010-09-01,R90d,0.047992,0.07292620181705084
2010-12-01,R90d,0.0495,0.071444050699508
2011-03-01,R90d,0.049308,0.07011731701358181
2011-06-01,R90d,0.04965,0.06147556297440955
2011-09-01,R90d,0.048742,0.0630086168165753
2011-12-01,R90d,0.046183,0.06453690417385197
2012-03-01,R90d,0.044075,0.05424229499073407
2012-06-01,R90d,0.037833,0.057341318196461405
2012-09-01,R90d,0.035508,0.051601627042529616
2012-12-01,R90d,0.031725,0.05089260579204537
2013-03-01,R90d,0.029967,0.03976213046070779
2013-06-01,R90d,0.0288,0.012343216753237522
2013-09-01,R90d,0.026467,0.02195635608300582
2013-12-01,R90d,0.025867,0.02265454987209952
2014-03-01,R90d,0.026333,0.014059477292784237
2014-06-01,R90d,0.0269,0.007476210852149447
2014-09-01,R90d,0.026467,0.012821542945961143
2014-12-01,R90d,0.0274,0.011940621280257923
2015-03-01,R90d,0.024533,0.010554050906922671
2015-06-01,R90d,0.021833,0.014850055328644264
2015-09-01,R90d,0.0215,0.014499492044269565
2015-12-01,R90d,0.022367,0.017019194853701715
2016-03-01,R90d,0.022967,0.019503345791015186
2016-06-01,R90d,0.020833,0.027452407181417875
2016-09-01,R90d,0.018067,0.02999088243659821
2016-12-01,R90d,0.0176,0.03703722418937605
2017-03-01,R90d,0.017833,0.040970653877537344
2017-06-01,R90d,0.0174,0.04749303813904007
2017-09-01,R90d,0.017067,0.04433507462140021
2017-12-01,R90d,0.0173,0.0506141859211746
2018-03-01,R90d,0.0183,0.05216864603313124
2018-06-01,R90d,0.0203,0.049938448901495264
2018-09-01,R90d,0.0197,0.05539125471855227
2018-12-01,R90d,0.019633,0.056568587275616
2019-03-01,R90d,0.019533,0.05677876180038048
2019-06-01,R90d,0.015033,0.05986186433633862
2019-09-01,R90d,0.010233,0.061970566733132934
2019-12-01,R90d,0.008967,0.061762328688055146
2020-03-01,R90d,0.0077,0.059777135129109385
2020-06-01,R90d,0.001233,0.012736906390489357
2020-09-01,R90d,9.67e-4,0.047879573302831685
2020-12-01,R90d,3.67e-4,0.021098249129864473
2021-03-01,R90d,1.67e-4,0.027406675454189386
2021-06-01,R90d,3.67e-4,0.04697561477684217
2021-09-01,R90d,1.33e-4,0.06192069553093981
2021-12-01,R90d,4.67e-4,0.07200029043893304
2022-03-01,R90d,0.001033,0.08416824740847886
2022-06-01,R90d,0.010033,0.09276377648922386
2022-09-01,R90d,0.0238,0.09762581498951854
2022-12-01,R90d,0.0306,0.1026550100116709
2023-03-01,R90d,0.034733,0.10401438316331871
2023-06-01,R90d,0.039367,0.1066773519937425
2023-09-01,R90d,0.041933,0.10891162886847229
2023-12-01,R90d,0.043133,0.10805946360337666
2024-03-01,R90d,0.043467,0.10824955997074147
2024-06-01,R90d,0.043733,0.10868644741657613
2024-09-01,R90d,0.0442,0.1123040966495657
2024-12-01,R90d,0.044233,0.10952060537055813
2010-03-01,R10y,0.0555166666666667,0.055248718701623095
2010-06-01,R10y,0.0553416666666667,0.05608492213728514
2010-09-01,R10y,0.0503916666666667,0.05698629498433906
2010-12-01,R10y,0.0533916666666667,0.057736487997108586
2011-03-01,R10y,0.0552166666666667,0.05835519498848537
2011-06-01,R10y,0.053325,0.05840677225611749
2011-09-01,R10y,0.0457166666666667,0.05854802165849315
2011-12-01,R10y,0.040925,0.058772574578049006
2012-03-01,R10y,0.0397166666666667,0.05835626847497147
2012-06-01,R10y,0.0337666666666667,0.05815652165941729
2012-09-01,R10y,0.0305583333333333,0.05762149639964895
2012-12-01,R10y,0.031125,0.05707965141909051
2013-03-01,R10y,0.0346916666666667,0.05589810385324346
2013-06-01,R10y,0.03235,0.05313031900700248
2013-09-01,R10y,0.0369183333333333,0.051134385724095295
2013-12-01,R10y,0.0414866666666667,0.04931618976896355
2014-03-01,R10y,0.04118,0.047098900597390775
2014-06-01,R10y,0.0384033333333333,0.044631836954985106
2014-09-01,R10y,0.0349633333333333,0.04265687042465383
2014-12-01,R10y,0.0320066666666667,0.04076225196053445
2015-03-01,R10y,0.02529,0.038911804812196
2015-06-01,R10y,0.02759,0.03744788286239763
2015-09-01,R10y,0.0279466666666667,0.03606189645289141
2015-12-01,R10y,0.0279933333333333,0.03492299754685349
2016-03-01,R10y,0.02578,0.034012275291095455
2016-06-01,R10y,0.0231966666666667,0.03364638154525128
2016-09-01,R10y,0.01944,0.03345956329822457
2016-12-01,R10y,0.0252166666666667,0.03371363838474934
2017-03-01,R10y,0.02751,0.03418953665954856
2017-06-01,R10y,0.0250866666666667,0.03502955962839429
2017-09-01,R10y,0.0266666666666667,0.03562071722571083
2017-12-01,R10y,0.0263866666666667,0.03655340152105199
2018-03-01,R10y,0.0276833333333333,0.03751732795559268
2018-06-01,R10y,0.0274033333333333,0.03828037284531122
2018-09-01,R10y,0.0261933333333333,0.03932307482772601
2018-12-01,R10y,0.0259866666666667,0.04036664151501504
2019-03-01,R10y,0.02118,0.04135223699356524
2019-06-01,R10y,0.0163533333333333,0.042458388222869334
2019-09-01,R10y,0.0110466666666667,0.043617705215188186
2019-12-01,R10y,0.0113033333333333,0.04468577592313201
2020-03-01,R10y,0.01009,0.04556079471851045
2020-06-01,R10y,0.00895,0.04351770979195089
2020-09-01,R10y,0.00898666666666667,0.04374885970976428
2020-12-01,R10y,0.00878,0.042336752858362615
2021-03-01,R10y,0.0136466666666667,0.04140375711099537
2021-06-01,R10y,0.0162233333333333,0.04172327704922332
2021-09-01,R10y,0.0122366666666667,0.04292939696062429
2021-12-01,R10y,0.0170833333333333,0.044666322376017344
2022-03-01,R10y,0.0216633333333333,0.04702498604032729
2022-06-01,R10y,0.0338533333333333,0.04974613194237766
2022-09-01,R10y,0.0351233333333333,0.052578290939236536
2022-12-01,R10y,0.03722,0.05552409600559508
2023-03-01,R10y,0.0359133333333333,0.05835281614542513
2023-06-01,R10y,0.0358633333333333,0.06115161232505773
2023-09-01,R10y,0.04125,0.06389646012811852
2023-12-01,R10y,0.04466,0.0664034437717128
2024-03-01,R10y,0.0411133333333333,0.06875202983137575
2024-06-01,R10y,0.0427833333333333,0.07096795448628879
2024-09-01,R10y,0.0407466666666667,0.07325351604735425
2024-12-01,R10y,0.0437466666666667,0.07521497594235899
2010-03-01,Rmort,0.067233,0.08202357587086248
2010-06-01,Rmort,0.073066999999999993,0.09159591870542576
2010-09-01,Rmort,0.0739,0.09410629701676249
2010-12-01,Rmort,0.076567,0.09384739042826144
2011-03-01,Rmort,0.0779,0.09283224803692866
2011-06-01,Rmort,0.0779,0.08716811170438796
2011-09-01,Rmort,0.0779,0.08616567693959704
2011-12-01,Rmort,0.075467,0.08772554088319133
2012-03-01,Rmort,0.0736,0.08172810603146123
2012-06-01,Rmort,0.0709,0.08132403683179647
2012-09-01,Rmort,0.0683,0.07862197173495755
2012-12-01,Rmort,0.065733,0.07692613043973623
2013-03-01,Rmort,0.0644,0.06980371551057131
2013-06-01,Rmort,0.062667,0.049555826757863505
2013-09-01,Rmort,0.060133,0.04882769245010188
2013-12-01,Rmort,0.0593,0.051700052476290274
2014-03-01,Rmort,0.0593,0.04643376405276006
2014-06-01,Rmort,0.0593,0.04010742978492371
2014-09-01,Rmort,0.0593,0.041917585888863844
2014-12-01,Rmort,0.0593,0.04277652306443807
2015-03-01,Rmort,0.057567,0.0417883278302444
2015-06-01,Rmort,0.0553,0.04434050222439617
2015-09-01,Rmort,0.054567,0.045385709926111586
2015-12-01,Rmort,0.055733,0.04713992455939194
2016-03-01,Rmort,0.0563,0.04962717748771517
2016-06-01,Rmort,0.0547,0.05565470984747212
2016-09-01,Rmort,0.053033,0.059649737456545636
2016-12-01,Rmort,0.0526,0.06522644769190185
2017-03-01,Rmort,0.052667,0.0699909685610377
2017-06-01,Rmort,0.052667,0.07567970347886367
2017-09-01,Rmort,0.0522,0.07584915914880014
2017-12-01,Rmort,0.0522,0.0796390514776226
2018-03-01,Rmort,0.0522,0.08278832289197259
2018-06-01,Rmort,0.0522,0.0823385858340722
2018-09-01,Rmort,0.0525,0.08585308295668728
2018-12-01,Rmort,0.0534,0.08857050330146916
2019-03-01,Rmort,0.0537,0.08960511480791052
2019-06-01,Rmort,0.052967,0.0922354580153192
2019-09-01,Rmort,0.0494,0.09497068498796483
2019-12-01,Rmort,0.048,0.09598340702512562
2020-03-01,Rmort,0.047067,0.09526559732455207
2020-06-01,Rmort,0.0452,0.06514317967491921
2020-09-01,Rmort,0.0452,0.076180988555682
2020-12-01,Rmort,0.0452,0.0681948574857691
2021-03-01,Rmort,0.0452,0.06584508624482863
2021-06-01,Rmort,0.0452,0.08030018788363942
2021-09-01,Rmort,0.0452,0.09526681396528056
2021-12-01,Rmort,0.0452,0.10609322860964587
2022-03-01,Rmort,0.0452,0.11713026675199528
2022-06-01,Rmort,0.048533,0.12648110138203358
2022-09-01,Rmort,0.0627,0.1325974991069124
2022-12-01,Rmort,0.0727,0.1379065593866287
2023-03-01,Rmort,0.0777,0.1409128672498884
2023-06-01,Rmort,0.0827,0.1438237296197405
2023-09-01,Rmort,0.0852,0.14677470887951566
2023-12-01,Rmort,0.086867,0.14762582087294868
2024-03-01,Rmort,0.0877,0.14834184337323542
2024-06-01,Rmort,0.0877,0.14944930502377532
2024-09-01,Rmort,0.0877,0.15263932165754465
2024-12-01,Rmort,0.0877,0.15251718729472752
2010-03-01,PcpiRent,67.34,67.25433309655374
2010-06-01,PcpiRent,68.13,67.60424396425638
2010-09-01,PcpiRent,68.87,68.04725179064143
2010-12-01,PcpiRent,69.47,68.42317565488007
2011-03-01,PcpiRent,70.39,68.83541672443098
2011-06-01,PcpiRent,71.18,69.19395906332856
2011-09-01,PcpiRent,72.05,69.63179365221244
2011-12-01,PcpiRent,72.78,70.00509180522903
2012-03-01,PcpiRent,73.49,70.46693651088763
2012-06-01,PcpiRent,74.31,71.00714936595959
2012-09-01,PcpiRent,74.93,71.47772133374733
2012-12-01,PcpiRent,75.5,72.01290241536132
2013-03-01,PcpiRent,76.1,72.55110275796882
2013-06-01,PcpiRent,76.88,73.10348327890684
2013-09-01,PcpiRent,77.35,73.75857229204453
2013-12-01,PcpiRent,77.78,74.08489391046795
2014-03-01,PcpiRent,78.26,74.57274567373601
2014-06-01,PcpiRent,78.75,75.06726393926039
2014-09-01,PcpiRent,79.22,75.5764197021635
2014-12-01,PcpiRent,79.63,75.9662221163517
2015-03-01,PcpiRent,79.87,76.49291315616175
2015-06-01,PcpiRent,80.17,76.98553734735965
2015-09-01,PcpiRent,80.42,77.46487849874869
2015-12-01,PcpiRent,80.58,77.9709648865016
2016-03-01,PcpiRent,80.6,78.55595846966467
2016-06-01,PcpiRent,80.76,79.134279376558
2016-09-01,PcpiRent,81,79.7625533024104
2016-12-01,PcpiRent,81.07,80.45248479124776
2017-03-01,PcpiRent,81.13,81.22843707857162
2017-06-01,PcpiRent,81.27,81.99446261127747
2017-09-01,PcpiRent,81.43,82.77447320178977
2017-12-01,PcpiRent,81.62,83.55548283660103
2018-03-01,PcpiRent,81.83,84.3569957366386
2018-06-01,PcpiRent,81.83,85.15927965137426
2018-09-01,PcpiRent,81.96,86.04787973188137
2018-12-01,PcpiRent,82.09,86.8215645010036
2019-03-01,PcpiRent,82.15,87.74101665623857
2019-06-01,PcpiRent,82.19,88.57890477068892
2019-09-01,PcpiRent,82.23,89.47009444959872
2019-12-01,PcpiRent,82.24,90.3395707216218
2020-03-01,PcpiRent,82.29,91.29739225359793
2020-06-01,PcpiRent,81.22,91.94787481043214
2020-09-01,PcpiRent,81.03,92.59798085499342
2020-12-01,PcpiRent,81.14,92.30974214710092
2021-03-01,PcpiRent,81.14,92.67227814243473
2021-06-01,PcpiRent,81.19,92.69333115275114
2021-09-01,PcpiRent,81.32,92.77378280078398
2021-12-01,PcpiRent,81.4,93.01450718560073
2022-03-01,PcpiRent,81.95,93.73663371515057
2022-06-01,PcpiRent,82.49,94.60603390675294
2022-09-01,PcpiRent,83.62,95.83995921145457
2022-12-01,PcpiRent,84.62,97.31956578672431
2023-03-01,PcpiRent,85.97,99.11959725314428
2023-06-01,PcpiRent,88.1,101.0016631272434
2023-09-01,PcpiRent,90.01,103.01479468657053
2023-12-01,PcpiRent,90.8,104.95463616140707
2024-03-01,PcpiRent,92.7,107.00220637565236
2024-06-01,PcpiRent,94.5,108.77633067388773
2024-09-01,PcpiRent,96.09,110.49013594263975
2024-12-01,PcpiRent,96.64,112.05969466786385
2010-03-01,Yhdi,214342,212032.98295036805
2010-06-01,Yhdi,216245,213382.57582028228
2010-09-01,Yhdi,221023,215222.677792035
2010-12-01,Yhdi,227103,216686.1440549885
2011-03-01,Yhdi,232098,218643.25994191293
2011-06-01,Yhdi,233854,220295.76261491072
2011-09-01,Yhdi,237259,223973.71044891304
2011-12-01,Yhdi,241023,226197.8104780837
2012-03-01,Yhdi,240463,228110.5919885009
2012-06-01,Yhdi,245459,230444.4880900565
2012-09-01,Yhdi,242304,234778.11017501474
2012-12-01,Yhdi,246628,235684.10804723896
2013-03-01,Yhdi,250783,238610.61559241795
2013-06-01,Yhdi,252283,239654.3851443054
2013-09-01,Yhdi,255284,245145.94970693078
2013-12-01,Yhdi,259999,249188.37954247196
2014-03-01,Yhdi,263299,251271.06985180502
2014-06-01,Yhdi,267755,253806.0625024685
2014-09-01,Yhdi,269340,258438.47414570837
2014-12-01,Yhdi,272615,259983.79523512925
2015-03-01,Yhdi,273961,260637.93903725085
2015-06-01,Yhdi,277896,263132.8491182569
2015-09-01,Yhdi,279298,265995.49806886044
2015-12-01,Yhdi,277483,267388.61751308053
2016-03-01,Yhdi,279003,268853.1839140369
2016-06-01,Yhdi,282305,272000.60403307615
2016-09-01,Yhdi,284637,275596.17037919426
2016-12-01,Yhdi,286092,277617.8740232341
2017-03-01,Yhdi,288728,279779.50279626605
2017-06-01,Yhdi,289891,281218.5599723402
2017-09-01,Yhdi,291659,284442.22282033856
2017-12-01,Yhdi,297297,286432.09091373294
2018-03-01,Yhdi,299877,289095.8005579326
2018-06-01,Yhdi,302630,291207.2130093468
2018-09-01,Yhdi,305591,295869.8736283511
2018-12-01,Yhdi,309764,297929.7831520501
2019-03-01,Yhdi,311947,299965.915351618
2019-06-01,Yhdi,312122,302655.58616943983
2019-09-01,Yhdi,320358,307123.7236919937
2019-12-01,Yhdi,320197,309303.1459879618
2020-03-01,Yhdi,325356,310774.72312729893
2020-06-01,Yhdi,336204,321361.7135781013
2020-09-01,Yhdi,347288,326143.232721637
2020-12-01,Yhdi,340234,326739.1446643729
2021-03-01,Yhdi,347242,325009.04735221626
2021-06-01,Yhdi,345827,327488.21853774117
2021-09-01,Yhdi,365880,343633.96817304956
2021-12-01,Yhdi,361999,335966.8791673814
2022-03-01,Yhdi,369058,337298.17857507174
2022-06-01,Yhdi,371776,341127.738374534
2022-09-01,Yhdi,381578,345716.3622555692
2022-12-01,Yhdi,378131,348901.27588602947
2023-03-01,Yhdi,378328,352319.12115242856
2023-06-01,Yhdi,383048,356523.2485003761
2023-09-01,Yhdi,388286,364168.19911804533
2023-12-01,Yhdi,397287,368916.007831268
2024-03-01,Yhdi,401376,374166.97688637703
2024-06-01,Yhdi,405346,379532.33574151254
2024-09-01,Yhdi,416103,387213.9500441991
2024-12-01,Yhdi,424334,392255.542162308
2010-03-01,Whh,6511900,6439228.61064532
2010-06-01,Whh,6396500,6474445.524827924
2010-09-01,Whh,6486100,6498275.801616589
2010-12-01,Whh,6557100,6571620.2009747485
2011-03-01,Whh,6547900,6671539.403608597
2011-06-01,Whh,6517600,6764514.848490598
2011-09-01,Whh,6307000,6902268.588063802
2011-12-01,Whh,6315000,7050514.416191702
2012-03-01,Whh,6417500,7215354.859047394
2012-06-01,Whh,6564700,7368750.028461991
2012-09-01,Whh,6626400,7527476.514568895
2012-12-01,Whh,6806300,7683176.971861067
2013-03-01,Whh,6952200,7805322.271172252
2013-06-01,Whh,6951400,7940561.226979332
2013-09-01,Whh,7164300,8205684.145462988
2013-12-01,Whh,7400000,8334928.413336573
2014-03-01,Whh,7539000,8458877.420695234
2014-06-01,Whh,7656400,8603557.996181646
2014-09-01,Whh,7821100,8725182.316836488
2014-12-01,Whh,8083200,8780093.100891417
2015-03-01,Whh,8347000,8872240.380423453
2015-06-01,Whh,8549400,9082928.1506651
2015-09-01,Whh,8672300,9159625.166394047
2015-12-01,Whh,8823000,9313092.82667873
2016-03-01,Whh,8809200,9451183.02986117
2016-06-01,Whh,9091200,9724990.184670035
2016-09-01,Whh,9321900,9850235.11090616
2016-12-01,Whh,9657800,10053993.65380691
2017-03-01,Whh,9889500,10227107.958566379
2017-06-01,Whh,10044200,10383865.582428988
2017-09-01,Whh,10072300,10583274.57244208
2017-12-01,Whh,10358900,10852049.358471287
2018-03-01,Whh,10345100,11064257.3296753
2018-06-01,Whh,10433300,11292346.220407693
2018-09-01,Whh,10467900,11514446.872972433
2018-12-01,Whh,10262600,11700340.2115446
2019-03-01,Whh,10320500,11905779.865621932
2019-06-01,Whh,10639400,12158319.612859514
2019-09-01,Whh,10975300,12324152.226784417
2019-12-01,Whh,11264200,12567925.390924407
2020-03-01,Whh,11014500,12700939.50067678
2020-06-01,Whh,11247600,12794085.819120213
2020-09-01,Whh,11594900,13537259.434103386
2020-12-01,Whh,12229800,13531260.224214578
2021-03-01,Whh,12779900,14039652.797810886
2021-06-01,Whh,13348500,14254047.661967328
2021-09-01,Whh,14080000,14395078.786855936
2021-12-01,Whh,14807500,14516201.98072403
2022-03-01,Whh,14976600,14706434.174559113
2022-06-01,Whh,14576300,14909816.717015712
2022-09-01,Whh,14370200,15102737.363414755
2022-12-01,Whh,14613100,15340035.533937637
2023-03-01,Whh,14813600,15659040.388685722
2023-06-01,Whh,15163500,16068759.189947994
2023-09-01,Whh,15415000,16535665.350862555
2023-12-01,Whh,15925600,16875600.863893684
2024-03-01,Whh,16306600,17222952.700723637
2024-06-01,Whh,16585100,17595659.09921197
2024-09-01,Whh,16900100,17864871.429765694
2024-12-01,Whh,17283800,18115908.223914865
2010-03-01,Peq,4893.1,5390.324239320894
2010-06-01,Peq,4324.8,5589.840619556822
2010-09-01,Peq,4636.9,5690.89763350349
2010-12-01,Peq,4846.9,5928.241797483597
2011-03-01,Peq,4928.6,6109.099047336291
2011-06-01,Peq,4659.8,5993.217466969312
2011-09-01,Peq,4070.1,5931.130312102654
2011-12-01,Peq,4111,6005.80352611476
2012-03-01,Peq,4420,6062.192876937871
2012-06-01,Peq,4135.5,5983.075218532788
2012-09-01,Peq,4406.3,6091.209987150609
2012-12-01,Peq,4664.6,6126.05931554079
2013-03-01,Peq,4979.9,6006.65813019867
2013-06-01,Peq,4775.4,5490.369100269391
2013-09-01,Peq,5217.7,5752.604983159746
2013-12-01,Peq,5353.1,5968.379925475631
2014-03-01,Peq,5403,5970.403871144272
2014-06-01,Peq,5382,5944.434048198683
2014-09-01,Peq,5296.8,6026.535771242327
2014-12-01,Peq,5388.6,5923.528799189824
2015-03-01,Peq,5861.9,5834.355643810581
2015-06-01,Peq,5451.2,6337.445607483649
2015-09-01,Peq,5058.6,6194.881770306441
2015-12-01,Peq,5344.6,6320.662815609574
2016-03-01,Peq,5151.8,6386.543923279177
2016-06-01,Peq,5310.4,7153.869600006229
2016-09-01,Peq,5525.2,7232.224069565937
2016-12-01,Peq,5719.1,7633.720662156823
2017-03-01,Peq,5903.8,7903.161246479076
2017-06-01,Peq,5764,8010.434347375199
2017-09-01,Peq,5744.9,8227.942049235946
2017-12-01,Peq,6167.3,8641.196165791882
2018-03-01,Peq,5868.9,8874.430171751796
2018-06-01,Peq,6289.7,9012.355130533786
2018-09-01,Peq,6325.5,9117.138020528257
2018-12-01,Peq,5709.4,9167.538519935428
2019-03-01,Peq,6261.7,9233.792746777832
2019-06-01,Peq,6699.2,9563.056515299222
2019-09-01,Peq,6800.6,9486.063709331635
2019-12-01,Peq,6802.4,9762.796004150425
2020-03-01,Peq,5110.6,9362.70921936476
2020-06-01,Peq,6001.3,8556.90591341965
2020-09-01,Peq,6009.3,10229.624287904231
2020-12-01,Peq,6850.6,9652.277671412023
2021-03-01,Peq,7017,10390.838027936381
2021-06-01,Peq,7585,11208.522117929948
2021-09-01,Peq,7629.7,11933.223634751248
2021-12-01,Peq,7779.2,12659.874319757908
2022-03-01,Peq,7789.6,13361.983044395733
2022-06-01,Peq,6746.5,13841.723407668564
2022-09-01,Peq,6678.7,13620.472111775338
2022-12-01,Peq,7221.7,13187.19680938533
2023-03-01,Peq,7373.3,12900.027194530838
2023-06-01,Peq,7401.5,12884.637268097486
2023-09-01,Peq,7249.7,13196.913471230033
2023-12-01,Peq,7829.5,12916.45697549777
2024-03-01,Peq,8153.7,12737.257804749714
2024-06-01,Peq,8013.8,12870.836481383647
2024-09-01,Peq,8380.3,12660.741174176155
2024-12-01,Peq,8763.56136789039,12567.977999061166
