date,Ygdp_on,YgdpAnnualGrowth_on,YgdpNom_on,Pcpi_on,PcpiAnnualGrowth_on,Ppcd_on,PcpiRent_on,Lur_on,Lemp_on,Lhrs_on,Lpar_on,R90d_on,R10y_on,Rmort_on,PhouseSa_on,Cpr_on,Idwell_on,Inonmin_on,Yhdi_on,Mtot_on,Ygdp_off,YgdpAnnualGrowth_off,YgdpNom_off,Pcpi_off,PcpiAnnualGrowth_off,Ppcd_off,PcpiRent_off,Lur_off,Lemp_off,Lhrs_off,Lpar_off,R90d_off,R10y_off,Rmort_off,PhouseSa_off,Cpr_off,Idwell_off,Inonmin_off,Yhdi_off,Mtot_off,Ygdp_diff,YgdpAnnualGrowth_diff,YgdpNom_diff,Pcpi_diff,PcpiAnnualGrowth_diff,Ppcd_diff,PcpiRent_diff,Lur_diff,Lemp_diff,Lhrs_diff,Lpar_diff,R90d_diff,R10y_diff,Rmort_diff,PhouseSa_diff,Cpr_diff,Idwell_diff,Inonmin_diff,Yhdi_diff,Mtot_diff
2025-03-01,682056.331589137,1.7405340771518896,703719.5282687362,140.0318627545322,1.8413547305688782,1.038784808884516,96.85820969031543,0.03926872946789886,14584.999574710964,4333739.7600405505,0.6699517562487673,0.04377826481883725,0.043643923705813076,0.08835011203732825,786.2421308034078,350569.7860200052,35109.73723576575,61456.82865682738,430976.6126884228,155775.3180368274,679701.1960315382,1.389224752164142,701030.0669557375,140.93118332666396,2.4954060557556,1.0384751483777808,97.88155803429923,0.046074018918716056,14478.187232576456,4270825.3658776535,0.6697898223673119,0.030606697314886785,0.04284826348982585,0.07989495787845875,791.0927687145214,347864.5773761275,35109.73723576575,61228.479688623236,433023.76428136346,154902.6862714658,2355.1355575987836,0.3513093249877475,2689.4613129986683,-0.8993205721317565,-0.6540513251867219,3.0966050673519874e-4,-1.0233483439837983,-0.006805289450817195,106.81234213450807,62914.39416289702,1.6193388145546717e-4,0.013171567503950467,7.956602159872248e-4,0.008455154158869493,-4.850637911113608,2705.208643877704,0,228.34896820414724,-2047.1515929406742,872.6317653616134
2025-06-01,687310.1329408272,2.266727712465144,715281.9979488526,140.5997066762543,1.2236909116301709,1.0459108799540102,96.95521494271836,0.03907406742591126,14687.257768692287,4343514.230942476,0.6697992315620616,0.038609097885375344,0.04323596456972245,0.0858108186426458,788.8571209024988,353180.5729887447,34985.53214046218,62325.035344099,438602.1857797034,157724.66168978487,684847.5843208912,1.9003184641158466,712090.623476261,142.44748434656046,2.55398441077066,1.0470189183670884,99.61285821510859,0.04864382462846899,14513.859144738959,4248715.23218825,0.6685495524040429,0.02327776879883795,0.041568695934526355,0.07258905572756898,808.4144989768448,349928.5903297884,35022.02901574672,61850.724764532446,442230.34467537183,156052.30529287117,2462.5486199359875,0.36640924834929756,3191.3744725915603,-1.847777670306158,-1.3302934991404891,-0.0011080384130781606,-2.6576432723902315,-0.009569757202557726,173.39862395332784,94798.99875422567,0.0012496791580186573,0.015331329086537393,0.0016672686351960966,0.013221762915076818,-19.557378074346047,3251.9826589563163,-36.496875284537964,474.3105795665542,-3628.1588956684573,1672.356396913703
2025-09-01,691271.5207542465,2.5427618937365892,725484.1185690728,141.32971999530156,1.6029618945374358,1.0531819465857317,97.07891502750729,0.0385981525179423,14752.857361250193,4348345.439141468,0.6695390907101886,0.037274441727696166,0.04277533503833305,0.08448414498906107,796.8625072303214,355998.9312937004,34862.05612890029,63243.226765297826,448549.84740195883,159617.81221215223,689718.1996790685,2.3123432689642343,723244.9102970677,144.03407630766267,3.547143283725873,1.0562224538877811,101.48840586861641,0.04873617117867773,14556.298935366016,4243136.008510431,0.6676590324669632,0.026528523652649995,0.04057317200683099,0.07352903652391166,829.1355261668024,353241.07054682745,35018.00425505866,62629.86430071517,452841.0669949193,157771.5794329262,1553.3210751779843,0.23041862477235497,2239.208272005082,-2.7043563123611136,-1.9441813891884374,-0.003040507302049411,-4.409490841109118,-0.01013801866073543,196.55842588417727,105209.43063103687,0.0018800582432253465,0.01074591807504617,0.002202163031502058,0.01095510846514941,-32.27301893648098,2757.8607468729606,-155.94812615837145,613.3624645826567,-4291.219592960493,1846.232779226033
2025-12-01,695751.3543958508,2.7580842940833517,736497.3193971872,142.19617958244118,1.8597274945853837,1.0605884773695147,97.30476931183065,0.03863928667242004,14813.140278093546,4351622.628414557,0.6693945619742828,0.03683624619089132,0.04231979686452859,0.084637692928881,805.7516450682468,358795.83887217415,34747.52328685285,64201.72969446774,455837.34114879946,161375.0616771291,695477.3632426666,2.717617529862415,736074.8534146152,145.68395865618106,4.3581365731956145,1.0660166846690715,103.47736915361529,0.04800467666703055,14623.281398820249,4251103.328636999,0.6673158449526934,0.034932749886752434,0.04015353731703502,0.08040407063884082,843.7823776588598,356873.95482267614,35116.578710632624,63499.07873350475,459288.16640260373,159571.4335145839,273.9911531842081,0.040466764220936646,422.46598257205915,-3.487779073739887,-2.498409078610231,-0.005428207299556842,-6.172599841784631,-0.009365389994610514,189.85887927329713,100519.29977755807,0.00207871702158946,0.0019034963041388853,0.002166259547493568,0.004233622290040179,-38.030732590612956,1921.8840494980104,-369.0554237797769,702.6509609629866,-3450.8252538042725,1803.628162545181
2026-03-01,700726.5590775685,2.7373439148246526,749596.6542293958,143.22012563752256,2.276812448449106,1.0684253521779266,97.68838536190796,0.03861159948736651,14877.197330345869,4358240.888905579,0.669369702640581,0.0386649324962653,0.042005937646567654,0.08644013893670834,816.0769089453603,361791.14731545746,34697.69803966311,65140.03882251874,463627.01656806725,163146.99753161496,702070.7595599182,3.291087857279873,751928.5792378943,147.44028407115934,4.618637686031457,1.0766838479465035,105.56822361268893,0.04630545538149037,14716.131839314243,4272797.712784734,0.6674645086685289,0.044365974831279104,0.04033249197998952,0.0892805764063802,851.8491407447713,360728.0069543869,35275.250421269804,64451.81328414615,465457.4537163245,161279.1337612335,-1344.2004823497264,-0.5537439424552204,-2331.9250084984815,-4.220158433636783,-2.341825237582351,-0.008258495768576957,-7.8798382507809634,-0.007693855894123858,161.06549103162615,85443.1761208456,0.0019051939720521327,-0.005701042335013805,0.0016734456665781355,-0.002840437469671858,-35.772231799410974,1063.1403610705747,-577.5523816066925,688.2255383725933,-1830.437148257275,1867.8637703814602
2026-06-01,705495.0099773568,2.6458037158161973,762897.057923683,144.37233119821784,2.683237832530061,1.0766085888797183,98.23658360563904,0.03863235218507994,14942.634878670247,4366205.881840358,0.6694367686329581,0.041915405547752145,0.04190993621278231,0.08971236033485452,826.0357018290595,364559.9176727487,34697.22611927113,66059.65477373029,471056.54047856596,164984.94386133456,708272.1453162549,3.4204049969150496,768060.0101385682,149.2746917694609,4.792789043778778,1.0880111828694412,107.73364128781913,0.0443547253402642,14820.724482106702,4300920.677885833,0.6679509912031414,0.05343608746471244,0.04104708691965334,0.09825273557799567,856.0109590280982,364162.6800899913,35367.396556827705,65359.042769609296,470732.36875291157,162866.62762105727,-2777.135338898166,-0.7746012810988523,-5162.95221488527,-4.902360571243065,-2.109551211248717,-0.011402593989722876,-9.497057682180085,-0.005722373155184264,121.91039656354587,65285.20395452436,0.0014857774298167037,-0.011520681916960297,8.628492931289644e-4,-0.008540375243141149,-29.975257199038765,397.23758275737055,-670.170437556575,700.6120041209942,324.1717256543925,2118.316240277287
2026-09-01,710301.8617271939,2.752947344363821,776481.4470600398,145.63906174873628,3.0491405159353446,1.0851436885327708,98.9081801591002,0.038406385263180125,15006.300351515278,4375355.357504058,0.6695527164422868,0.04640191113821999,0.04209153080801299,0.0941415985389917,835.6812449440494,367439.62427703687,34722.9326936955,66996.34075877124,480697.3524314844,166933.98114039403,714301.759043532,3.5642903690090266,784362.4269240451,151.18179322044907,4.962517965206081,1.0999471802528484,109.91065161128805,0.04203151513048151,14925.619099052961,4331854.727316927,0.6684729628113782,0.06256994634751892,0.042264471649981344,0.10724094655187279,860.1809742680107,367560.1518511122,35334.19128269036,66211.45223300956,477968.6088991678,164346.5577370949,-3999.8973163380288,-0.8113430246452058,-7880.979864005232,-5.542731471712784,-1.9133774492707367,-0.014803491720077666,-11.002471452187848,-0.003625129867301388,80.68125246231648,43500.63018713053,0.0010797536309085087,-0.01616803520929893,-1.7294084196835258e-4,-0.013099348012881082,-24.499729323961333,-120.52757407532772,-611.2585889948605,784.8885257616785,2728.7435323165846,2587.4234032991226
2026-12-01,714904.1047641685,2.752815391203778,790183.5488018091,147.00426303633796,3.381302836697664,1.0940030845262916,99.71388234130026,0.03828937977245375,15069.537219360664,4384278.403568501,0.6697203452061433,0.051166793547430645,0.042548517009085754,0.09907879096080727,844.9750601590533,370255.31438240805,34742.16163257126,67924.49274654551,486516.44249236863,168894.2101823275,719819.7475065346,3.500097278561509,800476.2337039609,153.14127559214012,5.118831891134001,1.1123386633553989,112.09585587909497,0.04009457532630954,15026.565891849967,4361220.305233872,0.6690664987856516,0.07067742460305082,0.04388819481269205,0.11564532802559832,866.5223220583119,370645.51208833756,35200.92705420504,66972.50470817051,481095.2028424782,165619.93557316027,-4915.642742366064,-0.7472818873577314,-10292.684902151814,-6.137012555802158,-1.7375290544363375,-0.018335578829107302,-12.381973537794707,-0.0018051955538557901,42.97132751069694,23058.09833462909,6.538464204917105e-4,-0.019510631055620176,-0.001339677803606297,-0.016566537064791054,-21.547261899258615,-390.1977059295168,-458.76542163378326,951.9880383749987,5421.239649890456,3274.274609167216
2027-03-01,719216.0981012937,2.63862398023913,802379.6236852957,148.43961866706044,3.644385177225695,1.1030584751053114,100.66364263236153,0.03850484424834568,15127.53580728831,4390067.387011638,0.6698827162264831,0.055322058149240794,0.04322519998520355,0.10371854664027783,854.6985043220722,372799.67267919617,34745.45338336368,68800.20397278784,492012.9303860748,170774.08379287613,724796.7881111288,3.236999724280798,814646.358518096,155.12269606583973,5.210524412020678,1.1249639102236864,114.30037348377923,0.03884534639254553,15116.355117653286,4384599.733867574,0.6696247503591698,0.07696464086238423,0.04578045743170864,0.12267172104555485,876.8533529952646,373227.6355916905,35034.660910810766,67594.36701258284,484200.7522589166,166658.16709928223,-5580.690009835176,-0.5983757440416682,-12266.734832800343,-6.6830773987792895,-1.5661392347949832,-0.02190543511837495,-13.636730851417695,-3.40502144199846e-4,11.180689635024464,5467.653144064359,2.579658673133034e-4,-0.02164258271314344,-0.002555257446505088,-0.018953174405277023,-22.15484867319242,-427.9629124943167,-289.20752744708443,1205.836960205008,7812.1781271582,4115.916693593899
2027-06-01,723406.532859782,2.5388589046150933,814530.9954743381,149.94802586215462,3.8620244043033214,1.1123905809767227,101.75594649938243,0.03888344476480262,15181.395457164519,4393806.273413716,0.6699731602870169,0.058879073688743566,0.04407038778440565,0.1078408093481521,865.926605066797,375029.7247997798,34731.31405613103,69583.66155318447,497672.93533198786,172422.63334725559,729477.3279964046,2.9939314739931167,828547.1612032459,157.12682758256634,5.260192280438414,1.137817744016647,116.52339451219385,0.03807343006245182,15196.15867577796,4402717.187027559,0.6700599639000246,0.08164953667185701,0.047826067583956404,0.12824180030459514,892.1861544068308,375319.3895819137,34892.802863228564,68063.07839865123,488014.22939940373,167403.7641195361,-6070.795136622619,-0.4550725693780233,-14016.1657289078,-7.1788017204117125,-1.3981678761350924,-0.025427163039924316,-14.767448012811414,8.100147023508003e-4,-14.763218613441495,-8910.9136138428,-8.680361300772432e-5,-0.022770462983113443,-0.003755679799550757,-0.020400990956443044,-26.2595493400338,-289.6647821338847,-161.48880709753576,1520.5831545332476,9658.705932584126,5018.869227719493
2027-09-01,726629.7068055146,2.2987191725243994,825924.4038001347,151.50551508587435,4.028076854312035,1.1218808586727058,102.95846729134287,0.03961660892397313,15225.422837405496,4393153.702735388,0.669998136675722,0.061330349349501274,0.04500573984357171,0.11111494417342088,879.0541313419202,377104.8731850191,34712.880737605046,70264.86503265383,506151.19773225154,173803.07106471848,733074.8385985154,2.6281721019588478,841470.2451853135,159.12683286333257,5.255288665149149,1.1507059031463858,118.73316088723945,0.037915941853762555,15260.953197473857,4413327.27902967,0.6703745462516633,0.08437960685064691,0.04989643219293109,0.1321646612942733,912.0586628071841,377156.8824133105,34814.770073220534,68397.9873397475,495280.0425954075,167910.66932255973,-6445.131793000735,-0.32945292943444837,-15545.84138517885,-7.621317777458216,-1.2272118108371144,-0.02882504447367995,-15.77469359589658,0.0017006670702105764,-35.530360068360096,-20173.57629428245,-3.7640957594131663e-4,-0.023049257501145635,-0.004890692349359384,-0.021049717120852407,-33.00453146526388,-52.00922829139745,-101.88933561548765,1866.8776929063315,10871.155136844027,5892.401742158749
2027-12-01,730413.7067408591,2.169466068712378,838037.2776089706,153.11385047958277,4.156061407371969,1.1315838692625404,104.27477320854292,0.04030818467410929,15267.946175624798,4392291.606621003,0.6699290012992991,0.06322435358151339,0.045991414928008664,0.11375582780896366,894.5056448054896,379284.8628438869,34706.960537434396,70875.8072450878,511430.81187191344,175120.3510646982,737139.4854026187,2.4061215264071123,854986.4659337816,161.12522925270179,5.213456417736295,1.1636369252928502,120.94331677328246,0.03793418872969327,15319.650454287761,4420981.239764209,0.6705389728782019,0.08585297918297949,0.05191394126599958,0.13478134723858184,935.7177407307112,379040.7883035827,34817.030654292364,68657.00105759002,499923.444875531,168439.13263461489,-6725.77866175957,-0.2366554576947344,-16949.188324810937,-8.01137877311902,-1.057395010364326,-0.032053056030309834,-16.668543564739537,0.0023739959444160214,-51.70427866296268,-28689.633143206127,-6.09971578902746e-4,-0.0226286256014661,-0.005922526337990917,-0.02102551942961818,-41.21209592522155,244.07454030419467,-110.07011685796897,2218.806187497772,11507.366996382421,6681.218430083303
2028-03-01,734173.5748250429,2.0796915924485626,850169.2927356065,154.7640425866148,4.260603723147249,1.1414716024505627,105.69569426083713,0.04099751194765714,15309.765846177219,4391284.422080937,0.6698287611188278,0.0645712674355508,0.046990916672790144,0.11589970247726657,911.7309885285692,381517.4078982643,34727.86878860998,71464.35387900412,517292.1698596535,176482.3059572739,741074.602501434,2.2458452710208965,868310.2962556202,163.11384532272302,5.151502300792621,1.1765468316494632,123.1562653785619,0.038143842652878665,15373.51104221234,4426016.199146733,0.6706221784160251,0.08619541574679616,0.05381389948629359,0.13633335436777289,961.3723384771329,380932.6539767579,34896.70901852302,68901.70613231172,505749.14099235024,169111.57872360895,-6901.0276763911825,-0.16615367857233387,-18141.003520013648,-8.349802736108217,-0.8908985776453715,-0.03507522919890049,-17.46057111772477,0.0028536692947784756,-63.7451960351209,-34731.777065795846,-7.934172971972853e-4,-0.02162414831124536,-0.0068229828135034434,-0.02043365189050632,-49.64134994856363,584.7539215064025,-168.84022991303937,2562.647746692397,11543.028867303277,7370.727233664948
2028-06-01,738166.9014483062,2.0403974692035476,862554.8574958747,156.45636152851705,4.340394365942135,1.1515751073236882,107.22193761970163,0.04157892607869637,15352.85389912585,4391209.495590373,0.6697098634477647,0.06557660012244693,0.04798266366484837,0.11767617372841196,930.1695057117267,383602.85354862234,34780.718012583675,72027.8209170845,523649.45476191095,177813.66403301863,745113.6682631138,2.1434991420029803,881683.7208195501,165.09569411801968,5.071614222762744,1.189449144488894,125.38732873431715,0.03842208363413549,15424.766305891397,4429793.341737815,0.6706378259618564,0.08572026125517977,0.05555497269964279,0.1370438914685989,987.4416945246946,382637.2530742782,35033.99395336301,69134.7618060981,512598.47349901515,169852.28205855525,-6946.766814807663,-0.10310167279943272,-19128.863323675352,-8.63933258950263,-0.7312198568206085,-0.037874037165205765,-18.165391114615517,0.003156842444560881,-71.91240676554662,-38583.84614744224,-9.279625140916625e-4,-0.020143661132732846,-0.007572309034794417,-0.019367717740186946,-57.2721888129679,965.600474344159,-253.27594077933463,2893.059110986389,11050.981262895803,7961.38197446338
2028-09-01,740695.5659597056,1.9357671483084316,873336.980136029,158.1487073785785,4.3847857874604435,1.1616238931744798,108.84854152906219,0.04289832315763846,15382.84144786528,4386538.650571543,0.6695721185384067,0.06485927625249631,0.048863126034940176,0.11824705303124772,948.8486902592514,385431.96257644816,34858.180087273664,72499.18052019161,533542.1574425605,178810.99063437822,747561.5196408831,1.9761530855517018,893185.2878487892,167.02757584022444,4.965060156559198,1.2020413677210307,127.64526198756627,0.0395304300354279,15460.409651171054,4427099.0413123155,0.6705887484062218,0.08325321550262549,0.05702772247488566,0.13623145736280098,1012.240980823508,384095.05139108194,35196.8434729091,69294.5966735643,523496.36283566523,170375.70848523226,-6865.95368117746,-0.04038593724327022,-19848.30771276029,-8.878868461645936,-0.5802743690987544,-0.04041747454655087,-18.796720458504083,0.003367893122210558,-77.56820330577466,-40560.39074077271,-0.0010166298678151442,-0.01839393925012918,-0.008164596439945486,-0.017984404331553266,-63.392290564256655,1336.911185366218,-338.6633856354383,3204.5838466273126,10045.794606895302,8435.282149145962
2028-12-01,743841.7383227592,1.8384145119368922,884791.3792134786,159.86824945787018,4.411357272468375,1.1718274798086685,110.5893184818843,0.04408067426932826,15411.946661754726,4382336.432389419,0.6693049514832359,0.06380220814418126,0.0496194057629154,0.11814357480672903,968.3780910208905,387466.2431468169,34949.60543115039,72912.83812423801,539906.012332111,179699.06377938777,750475.2899006592,1.8091290403140947,905151.4181150465,168.94080110159067,4.850619536827017,1.2145314287405466,129.95697282179773,0.04065537520430202,15491.944808464963,4423164.38472269,0.6703769561696982,0.08014807381321443,0.058211988193267804,0.1344592844231014,1036.0761419008873,385744.60469703435,35355.550377789965,69410.78430813714,531168.2182709299,170882.66899275023,-6633.551577900071,0.029285471622797488,-20360.03890156781,-9.072551643720487,-0.4392622643586419,-0.04270394893187812,-19.36765433991343,0.003425299065026241,-79.99814671023705,-40827.9523332715,-0.0010720046864622912,-0.016345865669033163,-0.008592582430352401,-0.016315709616372367,-67.6980508799968,1721.6384497825638,-405.9449466395745,3502.0538161008735,8737.794061181135,8816.394786637538
2029-03-01,747020.9958495698,1.7499160232767208,896425.3071562957,161.60701137226877,4.421549522282775,1.1821464941996898,112.42453668618049,0.045170552193283496,15441.82476290226,4378916.663025172,0.669011292804413,0.06243415533194964,0.05024122586958517,0.1177243655625054,987.8296328932247,389643.0593155836,35048.73421413029,73309.8263862057,546999.5818042556,180691.96404453187,753292.7680466708,1.6487092532918357,917068.1326594602,170.8310278984913,4.731163415649808,1.2268844441541713,132.31105267910954,0.041812155385162496,15521.334916292433,4418599.47355821,0.6700991187987375,0.07653183480414827,0.059096662266943746,0.1321413555846025,1058.0991840576273,387540.76264646027,35492.63409310173,69520.54270059481,539801.5763128279,171565.04922937116,-6271.772197101032,0.10120676998488509,-20642.825503164437,-9.224016526222528,-0.3096138933670334,-0.04473794995448155,-19.88651599292905,0.0033583968081210003,-79.51015339017249,-39682.81053303741,-0.0010878259943245538,-0.01409767947219863,-0.008855436397358578,-0.014416990022097093,-70.26955116440263,2102.296669123345,-443.899878971446,3789.2836856108916,7198.005491427728,9126.914815160708
2029-06-01,749824.3991251203,1.5792495781024263,907693.0214882274,163.36127772509562,4.413317636381331,1.192568179833697,114.35618867955121,0.04630514047523082,15470.594816961639,4375125.586635934,0.6687056235442911,0.060586639144691895,0.05070883617889264,0.1168881459197624,1006.7923658034969,391610.1033929807,35151.88184203718,73667.66300375972,554518.220026905,181646.06280343648,755612.5957397533,1.4090370266744534,928386.2642342732,172.69699117769213,4.604176444625274,1.2390870572016415,134.7166500223015,0.043112496991179104,15547.193302107453,4412509.6430901345,0.6697743649453334,0.072314779294789,0.059665978479660556,0.12925167715487254,1078.1980546723644,389137.18850596546,35601.478242052886,69602.77624846138,549033.4022988742,172281.4185089341,-5788.1966146330815,0.17021255142797287,-20693.242746045813,-9.335713452596508,-0.1908588082439433,-0.04651887736794458,-20.3604613427503,0.0031926434840517173,-76.59848514581427,-37384.0564542003,-0.0010687414010422946,-0.0117281401500971,-0.008957142300767919,-0.012363531235110137,-71.40568886886751,2472.914887015242,-449.5964000157037,4064.886755298343,5484.817728030728,9364.644294502388
2029-09-01,752912.6886711688,1.6494121570221232,919366.7792883347,165.1415779520398,4.421705804222387,1.203176047469471,116.38630251737254,0.04720108003555296,15500.825336597407,4372693.983825194,0.6683839915657717,0.05894126965789689,0.05104501406191708,0.11602902678261845,1025.2378355387389,393781.99766388815,35250.30725473637,74038.94008377688,565815.9611591485,182642.46891827174,758120.8413006505,1.4125020325872262,939941.7977492384,174.55342197283179,4.50575067904142,1.2512356278607368,137.1806880525807,0.044265673068024224,15572.305040921965,4406924.759190744,0.6694038272579781,0.0682275457029565,0.0599493868625687,0.12623652007471495,1096.7759661179157,390960.5824621153,35677.27442297254,69707.59493118372,562159.2023925459,173108.4210071056,-5208.152629481745,0.236910124434897,-20575.018460903782,-9.411844020791989,-0.08404487481903367,-0.04805958039126579,-20.794385535208164,0.002935406967528739,-71.47970432455804,-34230.77536555007,-0.0010198356922064278,-0.009286276045059612,-0.008904372800651615,-0.010207493292096498,-71.53813057917682,2821.4152017728775,-426.96716823617317,4331.34515259316,3656.7587666026084,9534.047911166155
2029-12-01,756009.2759705783,1.635769683381172,931140.9754809536,166.94065858580925,4.423898523892222,1.2139280582772336,118.50814792287987,0.04801696152734941,15533.22686677545,4371320.84328196,0.6681037641905309,0.05730002655773207,0.051259014326654195,0.1151930699122431,1042.740067586256,396128.47928738454,35341.12503720167,74430.90956484525,573024.3824424366,183763.83665391442,760584.8613907103,1.3470891881582459,951472.6738068066,176.3963782112625,4.4131299609432295,1.263299820693783,139.69857301980207,0.045382350374775136,15598.199240101912,4401922.122989501,0.6690467229480259,0.0641772501278432,0.05996870870144174,0.12322318274826727,1113.8066291204982,393004.8506270292,35725.31929945617,69846.70479788333,571216.2418286753,174132.40212549435,-4575.585420132033,0.28868049522292605,-20331.69832585298,-9.455719625453241,0.010768562948992866,-0.0493717624165495,-21.190425096922198,0.0026346111525742746,-64.97237332646182,-30601.279707540758,-9.429587574950604e-4,-0.006877223570111127,-0.008709694374787545,-0.008030112836024172,-71.06656153424228,3123.6286603553453,-384.1942622544957,4584.2047669619205,1808.1406137613812,9631.434528420068
2030-03-01,759192.7886645457,1.6293776055294584,943197.5436128363,168.76249640207556,4.427707046276486,1.2248579826007895,120.72375478189731,0.0486810094753934,15568.356469818576,4371371.944111098,0.6678376453777894,0.05584355940725241,0.051370370227536426,0.11445017930229005,1059.482235827667,398632.05398897163,35420.967402213115,74839.52256359825,580711.6515006508,184989.65353810508,763109.1514712799,1.3031299172117983,963209.8976928659,178.23352276382778,4.333226203927709,1.2753287086321143,142.2738354120193,0.046367284296666374,15626.079091839718,4398185.026972476,0.6686874489663986,0.06040340365203957,0.05975873836480841,0.12034784917161864,1129.7792257575566,395259.8131080526,35751.88715903158,70020.30892781862,580758.867833378,175339.36703043498,-3916.3628067341633,0.32624768831766016,-20012.354080029647,-9.471026361752223,0.0944808423487764,-0.05047072603132485,-21.550080630121997,0.002313725178727029,-57.72262202114143,-26813.08286137879,-8.498035886091992e-4,-0.004559844244787156,-0.008388368137271986,-0.0058976698693285895,-70.2969899298896,3372.2408809190383,-330.91975681846816,4819.213635779626,-47.21633272722829,9650.286507670098
2030-06-01,761913.5297113626,1.612261564220585,954825.1391075458,170.5997266119234,4.430945318026125,1.2359196873621654,123.02756741808034,0.049430096278433144,15602.626612960263,4370906.735108274,0.667597436162315,0.05423350340282149,0.05137683689122646,0.11363198912901933,1075.553343582904,400872.1877833741,35489.20053328631,75241.95130860075,588629.3707307103,186163.8724295266,765166.2705078183,1.2643615024325872,974460.7117424585,180.06063965158015,4.2639124304785225,1.2872909439224687,144.90113970890314,0.04742091347823088,15653.098517737504,4394049.739658977,0.6683443491266651,0.05664495563781792,0.059336116773979736,0.11750924276182721,1144.9695663527223,397317.03745136515,35764.889616416214,70211.7930567782,590480.0085372004,176583.54592266536,-3252.740796455764,0.3479000617879979,-19635.572634912678,-9.46091303965676,0.16703288754760237,-0.05137125656030328,-21.873572290822807,0.002009182800202264,-50.471904777241434,-23143.00455070287,-7.469129643500327e-4,-0.0024114522349964335,-0.007959279882753273,-0.0038772536328078866,-69.4162227698182,3555.150332008954,-275.68908312990243,5030.158251822548,-1850.6378064900637,9580.326506861224
2030-09-01,764992.9923701523,1.6044760409476222,966958.3438250748,172.46038672646165,4.4318389500597855,1.2471718552828406,125.42501139498667,0.050026132192190105,15639.504686927925,4371723.216262034,0.6673559158209568,0.05283933447407926,0.05129864234179864,0.11289277367329209,1091.5764697077589,403261.1755934525,35546.098116668145,75640.3974477257,600477.9257540654,187351.62885523867,767598.8405792213,1.2501963753311474,986220.0167722489,181.8901382705717,4.2031351862479305,1.2992685163988087,147.5873264022264,0.04829407607744671,15683.114477780302,4391532.086999272,0.6679988558251729,0.053305947574807784,0.058740751738442974,0.11490635298698035,1160.0892844542846,399586.7739073421,35770.73921792931,70426.16076160461,604085.3527461468,177925.0262350124,-2605.848209068994,0.35427966561647484,-19261.672947174055,-9.429751544110047,0.22870376381185498,-0.05209666111596811,-22.16231500723974,0.001732056114743398,-43.609790852377046,-19808.870737237856,-6.429400042161637e-4,-4.6661310072852735e-4,-0.007442109396644331,-0.0020135793136882574,-68.51281474652569,3674.4016861104174,-224.6411012611643,5214.23668612109,-3607.426992081455,9426.602620226273
2030-12-01,768018.6778805525,1.588525735290247,979188.2050724667,174.3398541659428,4.432230975254181,1.2585849420316564,127.90382061415563,0.05055064189457639,15678.067949414244,4373308.280325404,0.6671385832567895,0.05156145990531163,0.05114861247330896,0.11226384319870022,1107.632711399452,405817.1204238835,35597.178938940066,76051.65667054823,607751.2441853551,188646.55008168734,770011.2875021573,1.2393654659666797,998104.3275223172,183.72111730313483,4.152431680371471,1.311253406520798,150.31904520726832,0.04904655840099857,15715.698039007002,4390299.853840301,0.6676821135461639,0.05033361168364918,0.058006629082546085,0.11261257749832171,1175.2145109872267,402087.1351254105,35778.414386333054,70680.45062271022,612957.4309546172,179447.2892790198,-1992.6096216047881,0.34916026932356736,-18916.12244985043,-9.381263137192036,0.27979929488270994,-0.05266846448914153,-22.415224593112683,0.0015040834935778208,-37.63008959275794,-16991.573514896445,-5.435302893743721e-4,0.001227848221662449,-0.0068580166092371275,-3.487342996214837e-4,-67.58179958777464,3729.9852984729805,-181.23544739298814,5371.206047838001,-5206.186769262073,9199.26080266753
2031-03-01,771134.4191530496,1.5729378185361353,991682.8450819062,176.23894824789866,4.430161917023612,1.2701658511417193,130.46043147484465,0.050974632432553596,15718.761601925748,4375875.078053904,0.6669433006530462,0.05044564229037208,0.05094145876922337,0.1117528381641061,1123.9798515110638,408498.31252943247,35649.914868623535,76473.41586259469,615416.1412477398,190029.39170194956,772553.768363297,1.2376495385762132,1010297.1649272877,185.55809102873047,4.109534587726382,1.3232745642099653,153.09287559235645,0.04964252303407371,15751.550041466906,4390651.906931165,0.6673977060974331,0.0477945328881313,0.05716942819773713,0.11066413044014672,1190.5574499342308,404769.65774656547,35796.430413545495,70972.20846839935,622077.6844313433,181122.33009587284,-1419.3492102473974,0.33528827995992216,-18614.319845381542,-9.319142780831811,0.3206273292972295,-0.05310871306824594,-22.632444117511795,0.001332109398479886,-32.78843954115837,-14776.828877260908,-4.544054443869072e-4,0.002651109402240781,-0.006227969428513759,0.0010887077239593729,-66.57759842316705,3728.654782867001,-146.5155449219601,5501.207394195342,-6661.543183603557,8907.06160607672
2031-06-01,774001.2131831329,1.5864901987433733,1004000.5291436522,178.15305896058985,4.427517264343939,1.2818835063322744,133.08798690358665,0.051437464400706366,15759.311561265375,4378269.782256606,0.6667709823464554,0.04928264710789045,0.05067824539071224,0.11123973495771733,1140.6718294043746,410918.282681267,35709.41005711449,76885.76767200945,623326.8505748019,191358.89700828542,774885.4447692755,1.2702042204509212,1022347.0720474531,187.39945764622908,4.075748041798399,1.3353196867879917,155.90197318424373,0.05022000604112708,15788.518605552905,4391437.54447535,0.6671504490976039,0.045486450183796226,0.05625016571706566,0.10895414203551063,1206.1190163366648,407240.729737298,35829.32144195058,71281.02548007242,631282.2635898519,182801.89590740512,-884.2315861425595,0.3162859782924521,-18346.54290380096,-9.246398685639235,0.35176922254553933,-0.0534361804557173,-22.813986280657076,0.0012174583595792876,-29.207044287530152,-13167.762218743563,-3.7946675114852724e-4,0.0037961969240942264,-0.0055719203263534245,0.002285592922206703,-65.44718693229015,3677.552943969029,-119.91138483609393,5604.7421919370245,-7955.413015049999,8557.001100880298
2031-09-01,777018.4466699924,1.571969210146884,1016659.4746662676,180.08894877483294,4.423370603053844,1.2937840415558655,135.786658223847,0.051745122294892774,15800.838889837534,4381339.761303698,0.6666079713415314,0.04836968694829155,0.050377917425686924,0.11086436363445487,1157.9816498862924,413479.72504469135,35777.312472360674,77298.29485922973,635302.1074522372,192712.2994142768,777403.5081909148,1.2773166259989477,1034791.6167622325,189.2554865375391,4.049338978461292,1.3474570956567393,158.74778641193697,0.0505932045996982,15827.64001518429,4393466.4286810905,0.6669284911065138,0.04369270319290681,0.05528553405823642,0.10761854825097028,1222.1590190948662,409887.52158151235,35877.27080432597,71612.53638947151,644428.2665285756,184544.50450065674,-385.061520922347,0.2946525841479364,-18132.142095964868,-9.166537762706156,0.37403162459255235,-0.05367305410087386,-22.96112818808996,0.0011519176951945778,-26.801125346755725,-12126.667377392761,-3.2051976498237433e-4,0.0046769837553847435,-0.0049076166325494955,0.0032458153834845904,-64.17736920857374,3592.203463179001,-99.95833196529566,5685.758469758221,-9126.159076338401,8167.794913620048
2031-12-01,780143.8738527076,1.5787631631064114,1029625.4864345288,182.04210160587567,4.417949915572139,1.3058360168030787,138.54645805491364,0.051985256669858634,15844.15436163335,4385157.013221437,0.6664742970073576,0.04758142699135467,0.05005055072307503,0.11062308128883147,1175.6814329674442,416192.3602691387,35856.16559883522,77722.84272577742,642393.0184359353,194165.12704997734,780067.0354703713,1.3059221509380547,1047600.6834348788,191.12413939202023,4.029488932766845,1.3596720273431178,161.6200832185424,0.05085380987308349,15869.674116015485,4396759.75298568,0.6667520061433869,0.042274210118176406,0.054301309961556486,0.1066443125136939,1238.4537694662151,412710.03926183586,35941.24717095767,71974.10601131407,652447.57731942,186408.32858563177,76.83838233631104,0.27284101216835666,-17975.19700034999,-9.082037786144554,0.3884609828052943,-0.05383601054003906,-23.073625163628748,0.001131446796775147,-25.519754382135943,-11602.739764242433,-2.777091360293138e-4,0.005307216873178262,-0.004250759238481457,0.003978768775137573,-62.77233649877098,3482.321007302846,-85.08157212244987,5748.736714463346,-10054.558883484686,7756.798464345571
2032-03-01,783362.6144871005,1.5857410887561318,1043166.9653426276,184.01542184388947,4.412460283780395,1.3180582062022386,141.36604158731188,0.0521024621132372,15890.08101600593,4390135.049919092,0.6663648432520756,0.047013216939399236,0.04971129057854892,0.11054818643019447,1193.7716767792685,419029.16721149103,35947.42120555508,78164.66874592798,649942.5463749528,195719.93666227156,782857.1373544139,1.3336766207153739,1061034.6220489987,193.0106747805227,4.016307621228066,1.371999168272496,164.518529707657,0.050957387914644374,15915.255978155195,4401639.327770988,0.6666152962577355,0.04129705753659852,0.053325496104158085,0.10604400831174808,1255.0496627777486,415670.012146382,36021.454246621324,72366.83698469066,660748.2976904075,188382.8216190479,505.47713268664666,0.252064468040758,-17867.65670637111,-8.995252936633221,0.3961526625523293,-0.05394096207025734,-23.15248812034511,0.0011450741985928256,-25.17496214926541,-11504.27785189636,-2.504530056599563e-4,0.005716159402800715,-0.0036142055256091626,0.004504178118446389,-61.27798599848006,3359.155065109022,-74.03304106624273,5797.831761237321,-10805.75131545472,7337.115043223661
2032-06-01,785866.2733608227,1.532951108551095,1056038.0067174851,185.9994677309281,4.404307630818738,1.3303849526591291,144.23915988395348,0.05244454437144179,15932.799613615485,4393416.643999469,0.6662798221777558,0.046103941452619736,0.04934034903415457,0.11030574543116077,1212.033295656384,421477.2176607325,36050.004500161274,78587.86022164168,657700.3684730934,197173.87556010298,784961.7714341965,1.3003633934460135,1073830.8283999418,194.90683748224293,4.006084078528249,1.3843819483702018,167.43729028921013,0.051255106019766926,15958.473945436217,4405160.14875406,0.6665168151831707,0.040178938521374864,0.052349000813153926,0.10546481112237846,1271.7895492442506,418252.6949112413,36116.12342095566,72754.57774183246,669077.9713665069,190262.00422747663,904.5019266261952,0.23258771510508147,-17792.821682456648,-8.907369751314832,0.39822355229048867,-0.05399699571107264,-23.19813040525665,0.0011894383516748638,-25.674331820731823,-11743.504754591733,-2.3699300541490942e-4,0.0059250029312448715,-0.003008651778999359,0.00484093430878231,-59.75625358786647,3224.5227494912106,-66.11892079438257,5833.282479809219,-11377.60289341351,6911.871332626353
2032-09-01,789106.0674562757,1.5556414185642797,1069926.166932804,188.0096814931947,4.398233635238302,1.3429196288957526,147.17401886439566,0.05250494377572644,15978.42335988787,4398370.981074005,0.6661773638278178,0.045647210182485604,0.04896723387160443,0.11026371125178829,1230.9961949803371,424111.41850963054,36159.862848551,79004.58526863733,669901.0401675358,198630.68911981196,787828.5734667702,1.341010834915779,1087681.1894653912,196.83029207516475,4.002423219642393,1.3969389237514986,170.38698068849786,0.05126067387414359,16005.072591909038,4410576.35447595,0.6664132836642535,0.039663099625959305,0.05140825295857698,0.10523865230032192,1289.3000950494727,421013.88586259633,36221.01490996826,73144.48564961353,681760.3008222166,192134.29524124367,1277.4939895054558,0.21463058364850074,-17755.022532587172,-8.820610581970044,0.3958104155959097,-0.05401929485574608,-23.212961824102194,0.0012442699015828493,-26.649232021167336,-12205.373401944526,-2.3591983643567183e-4,0.005984110556526298,-0.00244101908697255,0.005025058951466363,-58.30390006913558,3097.5326470342115,-61.1520614172623,5860.099619023793,-11859.26065468078,6496.393878568284
2032-12-01,792066.2196751507,1.5282239881683868,1083758.4414150405,190.0346652074123,4.3905028183209405,1.3555831196930008,150.1533653898673,0.05260150561904374,16024.402789535621,4403311.095177195,0.6661155770693674,0.0451606998827906,0.048590295149898426,0.11031319315888487,1250.0266830063215,426831.33487367426,36276.85562366721,79429.69880722677,676888.5637519582,200181.60578639974,790442.6951155672,1.3300984624917023,1101527.8337352609,198.77038866047752,4.000671653921151,1.4095977827848083,173.34938097038176,0.0512881708322952,16052.47788253484,4416162.258056454,0.6663588824971849,0.03925307569609473,0.050507195189661604,0.10523602714157239,1307.004146371911,423853.8086949921,36336.13230047573,73548.30225701834,689006.3109827613,194081.87674716386,1623.524559583515,0.1981255256766845,-17769.39232022036,-8.73572345306522,0.3898311643997898,-0.05401466309180747,-23.196015580514455,0.0013133347867485407,-28.075092999219123,-12851.162879259326,-2.433054278174751e-4,0.005907624186695874,-0.001916900039763178,0.005077166017312479,-56.97746336558953,2977.5261786821648,-59.27667680852028,5881.396550208432,-12117.747230803128,6099.729039235885
2033-03-01,795129.9437334099,1.5021560933200728,1097919.5540747293,192.07965255157822,4.3823667749598005,1.3684089588649926,153.1844054327569,0.05264540536108585,16071.447678853161,4408701.317320636,0.666061290594567,0.04477396616693782,0.04821582209784694,0.1104182943816247,1269.3544973500539,429620.2147598454,36400.89171465017,79851.9228344315,684320.1986194397,201775.1676145224,793185.7517628996,1.3193485651022074,1115739.1554489739,200.733316534493,4.00114748199909,1.4223996762860773,176.33399867874624,0.051258899416821845,16101.209266412656,4422303.191688398,0.6663195266456028,0.039043245175325765,0.04965520116838703,0.10539562117500986,1325.1855132500857,426749.4067898252,36461.67800513529,73953.39034856771,696575.4412844499,196049.7842629076,1944.1919705102919,0.1828075282178654,-17819.60137424455,-8.653663982914793,0.38121929296071055,-0.053990717421084744,-23.149593245989337,0.0013865059442640035,-29.76158755949473,-13601.874367762357,-2.582360510358095e-4,0.005730720991612058,-0.0014393790705400922,0.005022673206614842,-55.831015900031844,2870.8079700202215,-60.786290485120844,5898.5324858637905,-12255.242665010155,5725.383351614786
2033-06-01,797926.9620309856,1.534699869302747,1111914.4163624272,194.13965858520078,4.376459219791151,1.3813613673211682,156.26134295586863,0.052776485540607085,16117.302002578039,4413429.411666256,0.6660192073466694,0.044280664369976214,0.047837208270370614,0.11047960001888843,1288.8581154026604,432068.01062606083,36529.90845963378,80253.060614296,692075.3396244075,203267.06770314428,795686.9558997648,1.3663320757611341,1129805.0446220092,202.71437902437611,4.005781245537099,1.4353124885373711,179.33602928465967,0.051315129642566494,16148.909980853685,4427825.277908644,0.6662974020650131,0.03880492666302219,0.048847188238076045,0.10559524181787748,1343.7488592560367,429291.7778451574,36595.81404863917,74341.39515889737,704357.0250743666,197893.91120967767,2240.006131220842,0.1683677935416128,-17890.62825958198,-8.574720439175337,0.37067797425405224,-0.053951121216202935,-23.074686328791046,0.0014613558980405908,-31.60797827564602,-14395.866242387332,-2.781947183436717e-4,0.0054757377069540245,-0.0010099799677054308,0.004884358201010949,-54.89074385337631,2776.232780903403,-65.90558900539327,5911.66545539863,-12281.685449959128,5373.156493466609
2033-09-01,800800.6248468036,1.4820006932941165,1126210.5936914487,196.21944281487453,4.366669448337412,1.3944704310473577,159.3884594533494,0.05287053564491411,16162.94469899849,4418152.298425592,0.6659737699284637,0.04383803167167275,0.0474577981756827,0.11054611007784904,1308.7876409748972,434573.1710667201,36661.02113447865,80633.39342201807,704477.2837637714,204720.27376929208,798284.8131936752,1.3272227079671906,1144203.110956347,204.71900635351815,4.007876122716358,1.448372275509672,182.36220560954197,0.05133905415459874,16196.405760555703,4433335.194477833,0.6662751422997597,0.03866862396083183,0.048086305393747204,0.10586120297655026,1362.957059366263,431871.5492822893,36735.600896467804,74711.24248837121,716746.2363977933,199672.22752004306,2515.8116531283595,0.154777985326926,-17992.5172648984,-8.499563538643628,0.35879332562105404,-0.053901844462314275,-22.97374615619256,0.0015314814903153728,-33.461061557212815,-15182.896052241325,-3.013723712960159e-4,0.005169407710840922,-6.285072180645043e-4,0.004684907101298777,-54.16941839136575,2701.621784430812,-74.57976198915276,5922.150933646859,-12268.952634021873,5048.046249249019
2033-12-01,803781.267504392,1.4790490413851831,1140864.0603796302,198.31766935210604,4.35868063105922,1.4077250370055001,162.55966761524408,0.05292000513671289,16209.399278670411,4423218.679772842,0.6659307241227166,0.04347789018744523,0.047082629452961766,0.11067760933083297,1329.059997270694,437203.8075848382,36793.921251616805,81008.93669129872,711453.5253270678,206234.25986670036,801007.9800501686,1.3366288283626515,1158988.8946286235,206.74613914151618,4.012544592173706,1.4615715205976565,185.40774903626536,0.05132604442686393,16244.632993612988,4439147.074317702,0.6662569026047352,0.038645963009458134,0.04737618815913132,0.1062334445539497,1382.7136918435938,434554.1873941487,36880.382202199,75076.32952861265,723586.7385713821,201479.18668428482,2773.2874542233767,0.1424202130225316,-18124.834248993313,-8.428469789410144,0.3461360388855139,-0.05384648359215638,-22.848081421021277,0.0015939607098489628,-35.233714942576626,-15928.394544860348,-3.261784820186575e-4,0.004831927177987097,-2.935587061695527e-4,0.0044441647768832665,-53.65369457289967,2649.6201906894566,-86.46095058219362,5932.607162686065,-12133.213244314305,4755.073182415537
2034-03-01,806790.0535809348,1.4664407924039002,1155771.9298450048,200.4344209881988,4.34963741637191,1.4211236293505698,165.77376219589536,0.05293922748764382,16256.658112471341,4428588.366745385,0.6658995414959386,0.043174707502993,0.04671485222335414,0.1108664346171174,1349.6240514273886,439890.3519875987,36930.16892818521,81383.16074888177,718956.1514155811,207799.60787743583,803776.3858008905,1.335202254257939,1174052.7628403178,208.79605838503244,4.016643569556111,1.4749117099095153,188.4736031405191,0.05129183297853867,16293.51324007789,4445191.737624444,0.6662502583739557,0.03869642284232688,0.04671777519112683,0.1066892320956718,1402.9423325109826,437270.9163439162,37031.0738674977,75439.13379945252,730901.4732491384,203304.85731232387,3013.667780044256,0.13123853814596131,-18280.832995312987,-8.361637396833629,0.3329938468157989,-0.05378808055894546,-22.69984094462373,0.0016473945091051503,-36.855127606548194,-16603.370879058726,-3.5071687801713214e-4,0.004478284660666118,-2.9229677726907988e-6,0.0041772025214456,-53.318281083594,2619.435643682489,-100.90493931248784,5944.026949429244,-11945.321833557333,4494.750565111957
2034-06-01,809513.9073751289,1.4521310715771119,1170464.415183632,202.5660004700077,4.340350625016121,1.4346391635320264,169.02962113128518,0.053056331248476085,16302.38091672925,4433156.71363379,0.6658744396706371,0.04272463086814323,0.046345086550955455,0.11097598047183432,1370.4252942542118,442222.43984065094,37069.424607697256,81728.74147283052,726827.0010118687,209251.9822849284,806277.7521926214,1.3310255012136674,1188905.8760323669,210.86477757288364,4.020631682732012,1.4883656498935,191.56096105757047,0.05136446587617559,16340.68410581567,4450333.97969875,0.6662485833644466,0.038605249369844524,0.04609896809401471,0.10708068548268199,1423.5538653488138,439616.68832527555,37186.53861162861,75773.80316047896,738549.3805325993,204989.00589677665,3236.1551825075876,0.12110557036344449,-18441.460848734947,-8.298777102875931,0.31971894228410846,-0.0537264863614737,-22.531339926285284,0.0016918653723004967,-38.30318908642039,-17177.26606496051,-3.741436938095033e-4,0.004119381498298706,2.461184569407457e-4,0.003895294989152337,-53.128571094601966,2605.751515375392,-117.11400393135409,5954.938312351558,-11722.379520730581,4262.976388151757
2034-09-01,812329.5917008119,1.4396800522244568,1185486.7747163384,204.71888383636968,4.3315998147615,1.4483131411854637,172.33252549767917,0.05310858859879149,16347.593230324923,4437691.305153514,0.665839995977804,0.042377978525604924,0.04597971627388505,0.11111511139399893,1391.7095624785643,444628.3986752697,37208.84207487953,82055.8760935376,739613.8748021363,210667.97211709642,808880.1918824665,1.3272679767516449,1204101.2003243514,212.95908499227167,4.025067718687625,1.501978466442503,194.67826409083432,0.051386993875378074,16387.047595097327,4455313.650778671,0.6662356593743423,0.038604632297591,0.04552252341281307,0.10750170412945628,1444.7689781678043,442012.465658795,37343.03540788783,76088.9305388871,751133.6974608469,206605.7539075396,3449.3998183453223,0.11241207547281196,-18614.425608013058,-8.240201155901985,0.3065320960738749,-0.053665325257039376,-22.345738593155147,0.0017215947234134124,-39.454364772404006,-17622.345625156537,-3.9566339653829274e-4,0.003773346228013924,4.571928610719797e-4,0.0036134072645426507,-53.05941568924004,2615.933016474708,-134.1933330082975,5966.945554650505,-11519.822658710531,4062.218209556828
2034-12-01,815234.1747027913,1.4248785909080297,1200846.2018683248,206.889671219782,4.322359119931307,1.4621207023460427,175.6759624393859,0.05313847368330875,16393.379698727655,4442433.018569023,0.6658135572730509,0.04207299168269492,0.04562095713127057,0.11130697296001832,1413.2875527420144,447149.71257049055,37348.69914162413,82379.4355994018,746688.6118941882,212147.63420537737,811580.0721125245,1.3198485315581765,1219644.0696510577,215.07539913185772,4.028737864188225,1.515725818922953,197.82084827672756,0.05140088613275971,16433.67416136594,4460363.199254932,0.6662275126603823,0.03862652158013817,0.04498689809172782,0.10796615966525099,1466.3697525829587,444501.09545532556,37499.9311889602,76397.75817828103,757950.3600255913,208253.29073613154,3654.1025902667316,0.10503005934985321,-18797.867782732937,-8.18572791207572,0.29362125574308173,-0.05360511657691025,-22.14488583734166,0.0017375875505490357,-40.29446263828504,-17930.180685908534,-4.1395538733135506e-4,0.003446470102556748,6.340590395427503e-4,0.0033408132947673336,-53.08219984094421,2648.6171151649905,-151.23204733607417,5981.677421120767,-11261.748131403117,3894.343469245825
2035-03-01,818154.7160985388,1.4086269987045652,1216443.740599322,209.07920928945694,4.313025805965287,1.4760655439345083,179.06114246164736,0.05314504440812573,16439.70243549475,4447371.140166701,0.6657927256880362,0.04181267834137601,0.04527105474886373,0.11153866058322841,1435.1525977101164,449723.7109468368,37489.79354152962,82700.57265902251,754340.7881804417,213678.31984706706,814303.1069298764,1.3096579241373085,1235428.5997309014,217.2144281857149,4.03186241435578,1.5296120662626804,200.99253098790604,0.0514057604035298,16480.502778383547,4465463.266490826,0.6662213158680839,0.03866668484422831,0.0444903991360409,0.10845418686619894,1488.327961777726,447022.0898881599,37657.213211053226,76701.05396956835,765348.9734781493,209920.73991585863,3851.609168662457,0.09896907456725668,-18984.85913157952,-8.135218896257953,0.2811633916095069,-0.05354652232817214,-21.931388526258672,0.0017392840045959285,-40.80034288879688,-18092.126324125566,-4.2859018004770544e-4,0.0031459934971476977,7.806556128228323e-4,0.003084473717029468,-53.17536406760951,2701.6210586769157,-167.41966952360235,5999.518689454155,-11008.185297707561,3757.5799312084273
2035-06-01,820771.334626896,1.3906403767996345,1231775.4148964877,211.2831631586298,4.30336910853546,1.4901166218538688,182.4869400595317,0.053262138521084815,16484.186544031538,4451379.6151093375,0.6657755155176127,0.04138256389714641,0.04491914503131228,0.11167361553602677,1457.2400785079878,451927.0069675753,37631.61653674471,82993.46302693429,762378.249897677,215091.05618150003,816732.50482679,1.2966688719535657,1250934.7732225507,219.37129171127881,4.034108605670261,1.5436041292991691,204.19451691774614,0.05153227257727643,16525.19968764924,4469484.853749588,0.6662146870670379,0.03851073111775178,0.04401849875004261,0.10882672977148754,1510.5609626422827,449160.37194109685,37813.73201622707,76975.0622436845,773139.536187982,211445.10464068572,4038.829800106003,0.09397150484606875,-19159.358326063026,-8.08812855264901,0.2692605028651984,-0.053487507445300286,-21.707576858214452,0.0017298659438083827,-41.01314361770346,-18105.238640250638,-4.39171549425188e-4,0.00287183277939463,9.006462812696722e-4,0.002846885764539231,-53.32088413429483,2766.6350264784414,-182.11547948235966,6018.400783249788,-10761.286290304968,3645.951540814305
2035-09-01,823438.0938489506,1.3674870719507348,1247365.5980083675,213.5045698014704,4.2915855149557425,1.5042923735489706,185.95945225266584,0.05339816601145409,16528.018978538676,4455096.84216469,0.6657435239689192,0.04090197472075292,0.04456231647047094,0.11173373812107669,1479.8080446386584,454164.2379831895,37771.34312512776,83263.60077005479,775677.8365134692,216452.53440204743,819215.5869762743,1.277741153452494,1266695.3167879223,221.54890165393627,4.033552577471089,1.5577210312632694,207.43578906129343,0.05169116881903001,16568.913566264935,4473065.602929283,0.6661894136956817,0.03827050557184692,0.043564420836375406,0.10910021112649373,1533.319385918238,451315.8484536847,37966.1903715466,77224.83739171803,786248.6889487278,212893.672697836,4222.506872676313,0.08974591849824076,-19329.718779554823,-8.04433185246586,0.2580329374846535,-0.05342865771429883,-21.476336808627593,0.0017069971924240784,-40.89458772625949,-17968.76076459326,-4.4588972676251615e-4,0.002631469148906003,9.978956340955317e-4,0.002633526994582955,-53.51134127957948,2848.3895295048133,-194.84724641884532,6038.763378336764,-10570.852435258566,3558.86170421142
2035-12-01,826202.9545480321,1.345475960847664,1263306.6709605935,215.7437291317528,4.279603645638241,1.5185930042239866,189.47428625820544,0.05349820857877992,16572.27169519974,4459005.802412004,0.6657037778631174,0.040462198666343825,0.04420337151256555,0.11180656567035806,1502.8344703095788,456534.4529547296,37909.48238838903,83529.62633815237,782971.162179588,217879.5926550671,821798.7755623059,1.2591121690780804,1282802.705134017,223.7474182546356,4.032083240473838,1.5719634571562475,210.71362769871186,0.051827501107065826,16612.70724320229,4476696.720471413,0.6661522121445034,0.03803429620982373,0.04312718683443849,0.1093576907255789,1556.575735810504,453588.263614883,38114.76522196501,77467.60609258333,793333.7772977259,214382.72536393243,4404.178985726205,0.08636379176958364,-19496.034173423424,-8.003689122882804,0.2475204051644031,-0.05337045293226095,-21.239341440506422,0.0016707074717140918,-40.43554800255151,-17690.918059408665,-4.4843428138596764e-4,0.002427902456520095,0.0010761846781270623,0.0024488749447791613,-53.74126550092524,2946.1893398466054,-205.2828335759841,6062.020245569045,-10362.61511813791,3496.8672911346657
2036-03-01,828983.614201371,1.3235758334891656,1279484.2404268929,218.00036336301466,4.26687766032583,1.5330149236066668,193.0297845157253,0.053573819514345505,16617.014251848897,4463098.976392596,0.6656670422986805,0.040050375969238994,0.04384414375958597,0.11190685015838625,1526.2007952951096,458968.03457598144,38047.89843146772,83794.92726355164,790908.4884420182,219368.35526919484,824400.8866896033,1.2400517293613245,1299139.1000570129,225.96633776033724,4.029156648443077,1.5863276634356493,214.02814233260173,0.05195070601979518,16656.680229280202,4480384.703617482,0.6661136569346331,0.037790594576560116,0.042705190037156095,0.10961337451843185,1580.2051363478354,455912.01843863877,38261.12421445048,77706.85504456122,801088.2188448871,215911.20351103338,4582.727511767647,0.08352410412784117,-19654.859630119987,-7.965974397322583,0.2377210118827522,-0.05331273982898255,-20.99835781687642,0.0016231134945503267,-39.66597743130478,-17285.727224886417,-4.4661463595263573e-4,0.002259781392678878,0.001138953722429878,0.002293475639954398,-54.00434105272575,3056.016137342667,-213.22578298275766,6088.072218990419,-10179.73040286894,3457.1517581614607
2036-06-01,830737.7648831977,1.214276112704682,1294491.122016224,220.26215861886118,4.24974490442005,1.5474740608328967,196.62453117987403,0.05400869887650766,16655.302628228383,4464132.819053329,0.6656256184529871,0.03903308768178812,0.04344807798292621,0.11162515210355077,1549.7475185582214,460897.2987878106,38186.87813763239,84021.47366634407,799212.393440472,220694.6298415509,825980.7550164046,1.1323475109608738,1314273.234800815,228.19218327225215,4.020987200359283,1.6007232200792134,217.3795530172731,0.05243710154774735,16694.022313916656,4480885.542911696,0.6660664915169171,0.036915958864845506,0.042259273324603164,0.10946396189047126,1604.0349540181196,457730.9736203557,38405.50124147519,77908.15742863978,809233.1157300003,217263.16063666457,4757.009866793174,0.08192860174380812,-19782.112784590805,-7.930024653390973,0.2287577040607669,-0.05324915924631668,-20.755021837399084,0.0015715973287603116,-38.719685688272875,-16752.72385836765,-4.408730639300362e-4,0.0021171288169426136,0.0011888046583230436,0.0021611902130795058,-54.287435459898234,3166.3251674548956,-218.62310384280136,6113.31623770429,-10020.722289528348,3431.4692048863217
2036-09-01,833367.4644966805,1.2058430040948975,1310723.320172153,222.5460006411483,4.2347715779972095,1.5620814684810282,200.27213700170202,0.05423950054128518,16695.638057589724,4466322.48833445,0.6655315988949099,0.03829132484242174,0.043034342043584445,0.11136475315285049,1574.2864620228202,462990.9653521246,38323.573532922106,84226.73795357373,813195.2315462168,221979.8655742559,828441.50938229,1.1261898031101447,1330630.417448942,230.44256980040603,4.01431380615096,1.615267050578476,220.78411992033344,0.052732424072958646,16733.104764641404,4482446.118573743,0.66596390144557,0.03627755294886791,0.04180534568085686,0.1093058751846946,1628.890281266825,459702.8782724922,38545.072141153425,78087.43032749493,823135.361410929,218558.82025886764,4925.955114390585,0.07965320098475281,-19907.097276789136,-7.896569159257723,0.2204577718462497,-0.05318558209744784,-20.511982918631418,0.0015070764683265334,-37.466707051680714,-16123.63023929298,-4.3230255066017964e-4,0.0020137718935538257,0.0012289963627275871,0.0020588779681558894,-54.60381924400485,3288.087079632387,-221.49860823131894,6139.307626078793,-9940.129864712246,3421.04531538827
2036-12-01,835586.2901055975,1.135717986229956,1326716.4776259568,224.83994463273694,4.216213160675086,1.5767559774607598,203.95189027495226,0.054543820096486485,16734.9941979838,4467979.463221971,0.6654517692219601,0.037399754662494,0.04259509720065985,0.11107309206909825,1598.9955234454626,465173.58354231954,38460.046268942526,84436.29558413352,820842.7653704537,223368.21162725083,830490.0423067105,1.0575906174181915,1346735.4496627941,232.70494336240606,4.003409370103372,1.6298751902721924,224.2207831731655,0.053106113248462185,16771.016908676505,4483392.58079262,0.665871623410137,0.03546266208226315,0.0413332950044237,0.10909070354636669,1653.928687154995,461758.9190903235,38681.95797987295,78269.1619747398,830678.3182638802,219943.01324909116,5096.247798886965,0.07812736881176452,-20018.972036837367,-7.864998729669111,0.21280379057171395,-0.053119212811432615,-20.268892898213238,0.0014377068480243005,-36.022710692705004,-15413.117570648901,-4.1985418817680475e-4,0.0019370925802308508,0.0012618021962361517,0.001982388522731568,-54.93316370953244,3414.664451996039,-221.91171093042067,6167.133609393713,-9835.552893426502,3425.1983781596646
